date,symbol,cluster
2022-01-21,BNB,0
2022-01-22,BNB,1
2022-01-23,BNB,0
2022-01-24,BNB,0
2022-01-25,BNB,0
2022-01-26,BNB,1
2022-01-27,BNB,0
2022-01-28,BNB,0
2022-01-29,BNB,0
2022-01-30,BNB,0
2022-01-31,BNB,1
2022-02-01,BNB,1
2022-02-02,BNB,1
2022-02-03,BNB,1
2022-02-04,BNB,1
2022-02-05,BNB,1
2022-02-06,BNB,1
2022-02-07,BNB,0
2022-02-08,BNB,0
2022-02-09,BNB,1
2022-02-10,BNB,0
2022-02-11,BNB,1
2022-02-12,BNB,0
2022-02-13,BNB,0
2022-02-14,BNB,0
2022-02-15,BNB,0
2022-02-16,BNB,1
2022-02-17,BNB,1
2022-02-18,BNB,0
2022-02-19,BNB,0
2022-02-20,BNB,0
2022-02-21,BNB,0
2022-02-22,BNB,1
2022-02-23,BNB,0
2022-02-24,BNB,0
2022-02-25,BNB,1
2022-02-26,BNB,1
2022-02-27,BNB,1
2022-02-28,BNB,1
2022-03-01,BNB,1
2022-03-02,BNB,0
2022-03-03,BNB,0
2022-03-04,BNB,0
2022-03-05,BNB,1
2022-03-06,BNB,0
2022-03-07,BNB,1
2022-03-08,BNB,1
2022-03-09,BNB,1
2022-03-10,BNB,0
2022-03-11,BNB,1
2022-03-12,BNB,1
2022-03-13,BNB,1
2022-03-14,BNB,1
2022-03-15,BNB,1
2022-03-16,BNB,0
2022-03-17,BNB,1
2022-03-18,BNB,1
2022-03-19,BNB,1
2022-03-20,BNB,1
2022-03-21,BNB,1
2022-03-22,BNB,1
2022-03-23,BNB,1
2022-03-24,BNB,1
2022-03-25,BNB,1
2022-03-26,BNB,1
2022-03-27,BNB,1
2022-03-28,BNB,1
2022-03-29,BNB,1
2022-03-30,BNB,1
2022-03-31,BNB,1
2022-04-01,BNB,1
2022-04-02,BNB,1
2022-04-03,BNB,1
2022-04-04,BNB,1
2022-04-05,BNB,1
2022-04-06,BNB,1
2022-04-07,BNB,1
2022-04-08,BNB,1
2022-04-09,BNB,1
2022-04-10,BNB,1
2022-04-11,BNB,1
2022-04-12,BNB,1
2022-04-13,BNB,1
2022-04-14,BNB,1
2022-04-15,BNB,1
2022-04-16,BNB,1
2022-04-17,BNB,1
2022-04-18,BNB,0
2022-04-19,BNB,1
2022-04-20,BNB,0
2022-04-21,BNB,1
2022-04-22,BNB,1
2022-04-23,BNB,1
2022-04-24,BNB,0
2022-04-25,BNB,0
2022-04-26,BNB,0
2022-04-27,BNB,1
2022-04-28,BNB,1
2022-04-29,BNB,0
2022-04-30,BNB,0
2022-05-01,BNB,0
2022-05-02,BNB,0
2022-05-03,BNB,1
2022-05-04,BNB,0
2022-05-05,BNB,1
2022-05-06,BNB,1
2022-05-07,BNB,1
2022-05-08,BNB,1
2022-05-09,BNB,1
2022-05-10,BNB,1
2022-05-11,BNB,1
2022-05-12,BNB,1
2022-05-13,BNB,1
2022-05-14,BNB,1
2022-05-15,BNB,1
2022-05-16,BNB,1
2022-05-17,BNB,0
2022-05-18,BNB,1
2022-05-19,BNB,1
2022-05-20,BNB,1
2022-05-21,BNB,1
2022-05-22,BNB,1
2022-05-23,BNB,1
2022-05-24,BNB,0
2022-05-25,BNB,1
2022-05-26,BNB,1
2022-05-27,BNB,1
2022-05-28,BNB,1
2022-05-29,BNB,1
2022-05-30,BNB,1
2022-05-31,BNB,1
2022-06-01,BNB,1
2022-06-02,BNB,1
2022-06-03,BNB,1
2022-06-04,BNB,1
2022-06-05,BNB,1
2022-06-06,BNB,1
2022-06-07,BNB,1
2022-06-08,BNB,1
2022-06-09,BNB,0
2022-06-10,BNB,1
2022-06-11,BNB,1
2022-06-12,BNB,1
2022-06-13,BNB,1
2022-06-14,BNB,1
2022-06-15,BNB,1
2022-06-16,BNB,1
2022-06-17,BNB,1
2022-06-18,BNB,1
2022-06-19,BNB,1
2022-06-20,BNB,0
2022-06-21,BNB,0
2022-06-22,BNB,0
2022-06-23,BNB,1
2022-06-24,BNB,0
2022-06-25,BNB,0
2022-06-26,BNB,0
2022-06-27,BNB,1
2022-06-28,BNB,0
2022-06-29,BNB,0
2022-06-30,BNB,1
2022-07-01,BNB,1
2022-07-02,BNB,0
2022-07-03,BNB,0
2022-07-04,BNB,1
2022-07-05,BNB,1
2022-07-06,BNB,1
2022-07-07,BNB,0
2022-07-08,BNB,1
2022-07-09,BNB,1
2022-07-10,BNB,1
2022-07-11,BNB,1
2022-07-12,BNB,1
2022-07-13,BNB,1
2022-07-14,BNB,1
2022-07-15,BNB,1
2022-07-16,BNB,1
2022-07-17,BNB,1
2022-07-18,BNB,1
2022-07-19,BNB,1
2022-07-20,BNB,1
2022-07-21,BNB,1
2022-07-22,BNB,1
2022-07-23,BNB,1
2022-07-24,BNB,1
2022-07-25,BNB,1
2022-07-26,BNB,1
2022-07-27,BNB,1
2022-07-28,BNB,1
2022-07-29,BNB,1
2022-07-30,BNB,1
2022-07-31,BNB,1
2022-08-01,BNB,1
2022-08-02,BNB,0
2022-08-03,BNB,1
2022-08-04,BNB,1
2022-08-05,BNB,1
2022-08-06,BNB,1
2022-08-07,BNB,0
2022-08-08,BNB,1
2022-08-09,BNB,1
2022-08-10,BNB,1
2022-08-11,BNB,1
2022-08-12,BNB,1
2022-08-13,BNB,1
2022-08-14,BNB,0
2022-08-15,BNB,1
2022-08-16,BNB,0
2022-08-17,BNB,0
2022-08-18,BNB,1
2022-08-19,BNB,1
2022-08-20,BNB,1
2022-08-21,BNB,1
2022-08-22,BNB,1
2022-08-23,BNB,1
2022-08-24,BNB,0
2022-08-25,BNB,1
2022-08-26,BNB,1
2022-08-27,BNB,1
2022-08-28,BNB,1
2022-08-29,BNB,1
2022-08-30,BNB,1
2022-08-31,BNB,1
2022-09-01,BNB,1
2022-09-02,BNB,1
2022-09-03,BNB,1
2022-09-04,BNB,1
2022-09-05,BNB,1
2022-09-06,BNB,1
2022-09-07,BNB,0
2022-09-08,BNB,1
2022-09-09,BNB,0
2022-09-10,BNB,1
2022-09-11,BNB,1
2022-09-12,BNB,1
2022-09-13,BNB,1
2022-09-14,BNB,1
2022-09-15,BNB,1
2022-09-16,BNB,1
2022-09-17,BNB,1
2022-09-18,BNB,1
2022-09-19,BNB,1
2022-09-20,BNB,0
2022-09-21,BNB,1
2022-09-22,BNB,0
2022-09-23,BNB,0
2022-09-24,BNB,0
2022-09-25,BNB,0
2022-09-26,BNB,0
2022-09-27,BNB,1
2022-09-28,BNB,1
2022-09-29,BNB,1
2022-09-30,BNB,0
2022-10-01,BNB,0
2022-10-02,BNB,0
2022-10-03,BNB,0
2022-10-04,BNB,0
2022-10-05,BNB,0
2022-10-06,BNB,0
2022-10-07,BNB,0
2022-10-08,BNB,0
2022-10-09,BNB,0
2022-10-10,BNB,0
2022-10-11,BNB,0
2022-10-12,BNB,0
2022-10-13,BNB,0
2022-10-14,BNB,0
2022-10-15,BNB,1
2022-10-16,BNB,0
2022-10-17,BNB,1
2022-10-18,BNB,1
2022-10-19,BNB,1
2022-10-20,BNB,0
2022-10-21,BNB,0
2022-10-22,BNB,1
2022-10-23,BNB,1
2022-10-24,BNB,1
2022-10-25,BNB,1
2022-10-26,BNB,0
2022-10-27,BNB,1
2022-10-28,BNB,1
2022-10-29,BNB,1
2022-10-30,BNB,1
2022-10-31,BNB,0
2022-11-01,BNB,0
2022-11-02,BNB,1
2022-11-03,BNB,1
2022-11-04,BNB,1
2022-11-05,BNB,1
2022-11-06,BNB,1
2022-11-07,BNB,1
2022-11-08,BNB,1
2022-11-09,BNB,1
2022-11-10,BNB,1
2022-11-11,BNB,1
2022-11-12,BNB,1
2022-11-13,BNB,1
2022-11-14,BNB,1
2022-11-15,BNB,1
2022-11-16,BNB,0
2022-11-17,BNB,0
2022-11-18,BNB,0
2022-11-19,BNB,0
2022-11-20,BNB,1
2022-11-21,BNB,0
2022-11-22,BNB,1
2022-11-23,BNB,1
2022-11-24,BNB,1
2022-11-25,BNB,1
2022-11-26,BNB,0
2022-11-27,BNB,1
2022-11-28,BNB,1
2022-11-29,BNB,1
2022-11-30,BNB,1
2022-12-01,BNB,1
2022-12-02,BNB,1
2022-12-03,BNB,1
2022-12-04,BNB,0
2022-12-05,BNB,1
2022-12-06,BNB,0
2022-12-07,BNB,1
2022-12-08,BNB,1
2022-12-09,BNB,0
2022-12-10,BNB,0
2022-12-11,BNB,0
2022-12-12,BNB,0
2022-12-13,BNB,1
2022-12-14,BNB,1
2022-12-15,BNB,1
2022-12-16,BNB,0
2022-12-17,BNB,1
2022-12-18,BNB,0
2022-12-19,BNB,0
2022-12-20,BNB,0
2022-12-21,BNB,0
2022-12-22,BNB,1
2022-12-23,BNB,0
2022-12-24,BNB,1
2022-12-25,BNB,1
2022-12-26,BNB,1
2022-12-27,BNB,0
2022-12-28,BNB,0
2022-12-29,BNB,0
2022-12-30,BNB,0
2022-12-31,BNB,1
2023-01-01,BNB,1
2023-01-02,BNB,0
2023-01-03,BNB,0
2023-01-04,BNB,1
2023-01-05,BNB,1
2023-01-06,BNB,0
2023-01-07,BNB,1
2023-01-08,BNB,1
2023-01-09,BNB,1
2023-01-10,BNB,0
2023-01-11,BNB,0
2023-01-12,BNB,0
2023-01-13,BNB,0
2023-01-14,BNB,1
2023-01-15,BNB,0
2023-01-16,BNB,0
2023-01-17,BNB,0
2023-01-18,BNB,1
2023-01-19,BNB,1
2023-01-20,BNB,1
2023-01-21,BNB,1
2023-01-22,BNB,1
2023-01-23,BNB,0
2023-01-24,BNB,1
2023-01-25,BNB,1
2023-01-26,BNB,1
2023-01-27,BNB,0
2023-01-28,BNB,1
2023-01-29,BNB,1
2023-01-30,BNB,1
2023-01-31,BNB,1
2023-02-01,BNB,1
2023-02-02,BNB,1
2023-02-03,BNB,1
2023-02-04,BNB,1
2023-02-05,BNB,1
2023-02-06,BNB,1
2023-02-07,BNB,1
2023-02-08,BNB,1
2023-02-09,BNB,1
2023-02-10,BNB,1
2023-02-11,BNB,0
2023-02-12,BNB,1
2023-02-13,BNB,1
2023-02-14,BNB,1
2023-02-15,BNB,1
2023-02-16,BNB,1
2023-02-17,BNB,0
2023-02-18,BNB,1
2023-02-19,BNB,1
2023-02-20,BNB,0
2023-02-21,BNB,1
2023-02-22,BNB,1
2023-02-23,BNB,1
2023-02-24,BNB,1
2023-02-25,BNB,1
2023-02-26,BNB,1
2023-02-27,BNB,0
2023-02-28,BNB,0
2023-03-01,BNB,1
2023-03-02,BNB,1
2023-03-03,BNB,1
2023-03-04,BNB,1
2023-03-05,BNB,1
2023-03-06,BNB,1
2023-03-07,BNB,1
2023-03-08,BNB,0
2023-03-09,BNB,1
2023-03-10,BNB,0
2023-03-11,BNB,1
2023-03-12,BNB,1
2023-03-13,BNB,0
2023-03-14,BNB,1
2023-03-15,BNB,1
2023-03-16,BNB,1
2023-03-17,BNB,1
2023-03-18,BNB,1
2023-03-19,BNB,1
2023-03-20,BNB,1
2023-03-21,BNB,0
2023-03-22,BNB,0
2023-03-23,BNB,0
2023-03-24,BNB,0
2023-03-25,BNB,0
2023-03-26,BNB,0
2023-03-27,BNB,0
2023-03-28,BNB,0
2023-03-29,BNB,0
2023-03-30,BNB,0
2023-03-31,BNB,0
2023-04-01,BNB,0
2023-04-02,BNB,0
2023-04-03,BNB,0
2023-04-04,BNB,0
2023-04-05,BNB,0
2023-04-06,BNB,0
2023-04-07,BNB,0
2023-04-08,BNB,1
2023-04-09,BNB,0
2023-04-10,BNB,0
2023-04-11,BNB,0
2023-04-12,BNB,0
2023-04-13,BNB,1
2023-04-14,BNB,1
2023-04-15,BNB,1
2023-04-16,BNB,0
2023-04-17,BNB,1
2023-04-18,BNB,0
2023-04-19,BNB,1
2023-04-20,BNB,1
2023-04-21,BNB,0
2023-04-22,BNB,0
2023-04-23,BNB,1
2023-04-24,BNB,0
2023-04-25,BNB,0
2023-04-26,BNB,1
2023-04-27,BNB,1
2023-04-28,BNB,1
2023-04-29,BNB,1
2023-04-30,BNB,1
2023-05-01,BNB,1
2023-05-02,BNB,1
2023-05-03,BNB,1
2023-05-04,BNB,1
2023-05-05,BNB,1
2023-05-06,BNB,1
2023-05-07,BNB,1
2023-05-08,BNB,1
2023-05-09,BNB,1
2023-05-10,BNB,1
2023-05-11,BNB,1
2023-05-12,BNB,1
2023-05-13,BNB,0
2023-05-14,BNB,1
2023-05-15,BNB,1
2023-05-16,BNB,0
2023-05-17,BNB,1
2023-05-18,BNB,0
2023-05-19,BNB,1
2023-05-20,BNB,1
2023-05-21,BNB,1
2023-05-22,BNB,0
2023-05-23,BNB,1
2023-05-24,BNB,1
2023-05-25,BNB,0
2023-05-26,BNB,0
2023-05-27,BNB,0
2023-05-28,BNB,1
2023-05-29,BNB,1
2023-05-30,BNB,1
2023-05-31,BNB,0
2023-06-01,BNB,1
2023-06-02,BNB,1
2023-06-03,BNB,1
2023-06-04,BNB,0
2023-06-05,BNB,1
2023-06-06,BNB,0
2023-06-07,BNB,1
2023-06-08,BNB,0
2023-06-09,BNB,1
2023-06-10,BNB,1
2023-06-11,BNB,1
2023-06-12,BNB,1
2023-06-13,BNB,1
2023-06-14,BNB,1
2023-06-15,BNB,0
2023-06-16,BNB,0
2023-06-17,BNB,1
2023-06-18,BNB,1
2023-06-19,BNB,1
2023-06-20,BNB,0
2023-06-21,BNB,1
2023-06-22,BNB,1
2023-06-23,BNB,0
2023-06-24,BNB,1
2023-06-25,BNB,1
2023-06-26,BNB,1
2023-06-27,BNB,0
2023-06-28,BNB,0
2023-06-29,BNB,1
2023-06-30,BNB,1
2023-07-01,BNB,1
2023-07-02,BNB,1
2023-07-03,BNB,1
2023-07-04,BNB,1
2023-07-05,BNB,1
2023-07-06,BNB,0
2023-07-07,BNB,0
2023-07-08,BNB,0
2023-07-09,BNB,0
2023-07-10,BNB,1
2023-07-11,BNB,0
2023-07-12,BNB,1
2023-07-13,BNB,0
2023-07-14,BNB,0
2023-07-15,BNB,0
2023-07-16,BNB,0
2023-07-17,BNB,0
2023-07-18,BNB,0
2023-07-19,BNB,0
2023-07-20,BNB,0
2023-07-21,BNB,0
2023-07-22,BNB,1
2023-07-23,BNB,1
2023-07-24,BNB,1
2023-07-25,BNB,0
2023-07-26,BNB,1
2023-07-27,BNB,1
2023-07-28,BNB,0
2023-07-29,BNB,0
2023-07-30,BNB,1
2023-07-31,BNB,0
2023-08-01,BNB,1
2023-08-02,BNB,1
2023-08-03,BNB,0
2023-08-04,BNB,1
2023-08-05,BNB,0
2023-08-06,BNB,0
2023-08-07,BNB,1
2023-08-08,BNB,0
2023-08-09,BNB,0
2023-08-10,BNB,0
2023-08-11,BNB,1
2023-08-12,BNB,0
2023-08-13,BNB,0
2023-08-14,BNB,1
2023-08-15,BNB,0
2023-08-16,BNB,0
2023-08-17,BNB,0
2023-08-18,BNB,0
2023-08-19,BNB,0
2023-08-20,BNB,0
2023-08-21,BNB,0
2023-08-22,BNB,1
2023-08-23,BNB,1
2023-08-24,BNB,1
2023-08-25,BNB,0
2023-08-26,BNB,1
2023-08-27,BNB,0
2023-08-28,BNB,1
2023-08-29,BNB,0
2023-08-30,BNB,0
2023-08-31,BNB,0
2023-09-01,BNB,1
2023-09-02,BNB,1
2023-09-03,BNB,0
2023-09-04,BNB,1
2023-09-05,BNB,0
2023-09-06,BNB,0
2023-09-07,BNB,0
2023-09-08,BNB,0
2023-09-09,BNB,0
2023-09-10,BNB,0
2023-09-11,BNB,1
2023-09-12,BNB,0
2023-09-13,BNB,1
2023-09-14,BNB,1
2023-09-15,BNB,0
2023-09-16,BNB,1
2023-09-17,BNB,1
2023-09-18,BNB,1
2023-09-19,BNB,1
2023-09-20,BNB,1
2023-09-21,BNB,1
2023-09-22,BNB,1
2023-09-23,BNB,1
2023-09-24,BNB,1
2023-09-25,BNB,1
2023-09-26,BNB,0
2023-09-27,BNB,0
2023-09-28,BNB,1
2023-09-29,BNB,1
2023-09-30,BNB,1
2023-10-01,BNB,1
2023-10-02,BNB,1
2023-10-03,BNB,1
2023-10-04,BNB,1
2023-10-05,BNB,1
2023-10-06,BNB,1
2023-10-07,BNB,1
2023-10-08,BNB,1
2023-10-09,BNB,1
2023-10-10,BNB,1
2023-10-11,BNB,1
2023-10-12,BNB,1
2023-10-13,BNB,1
2023-10-14,BNB,1
2023-10-15,BNB,1
2023-10-16,BNB,1
2023-10-17,BNB,1
2023-10-18,BNB,1
2023-10-19,BNB,1
2023-10-20,BNB,1
2023-10-21,BNB,0
2023-10-22,BNB,1
2023-10-23,BNB,0
2023-10-24,BNB,1
2023-10-25,BNB,1
2023-10-26,BNB,0
2023-10-27,BNB,1
2023-10-28,BNB,1
2023-10-29,BNB,1
2023-10-30,BNB,0
2023-10-31,BNB,1
2023-11-01,BNB,1
2023-11-02,BNB,1
2023-11-03,BNB,1
2023-11-04,BNB,1
2023-11-05,BNB,0
2023-11-06,BNB,0
2023-11-07,BNB,1
2023-11-08,BNB,1
2023-11-09,BNB,1
2023-11-10,BNB,1
2023-11-11,BNB,1
2023-11-12,BNB,1
2023-11-13,BNB,1
2023-11-14,BNB,1
2023-11-15,BNB,0
2023-11-16,BNB,1
2023-11-17,BNB,1
2023-11-18,BNB,1
2023-11-19,BNB,1
2023-11-20,BNB,1
2023-11-21,BNB,1
2023-11-22,BNB,1
2023-11-23,BNB,0
2023-11-24,BNB,1
2023-11-25,BNB,1
2023-11-26,BNB,0
2023-11-27,BNB,1
2023-11-28,BNB,1
2023-11-29,BNB,1
2023-11-30,BNB,1
2023-12-01,BNB,1
2023-12-02,BNB,1
2023-12-03,BNB,1
2023-12-04,BNB,1
2023-12-05,BNB,1
2023-12-06,BNB,1
2023-12-07,BNB,1
2023-12-08,BNB,1
2023-12-09,BNB,1
2023-12-10,BNB,1
2023-12-11,BNB,1
2023-12-12,BNB,1
2023-12-13,BNB,1
2023-12-14,BNB,1
2023-12-15,BNB,1
2023-12-16,BNB,1
2023-12-17,BNB,0
2023-12-18,BNB,0
2023-12-19,BNB,1
2023-12-20,BNB,0
2023-12-21,BNB,1
2023-12-22,BNB,1
2023-12-23,BNB,0
2023-12-24,BNB,0
2023-12-25,BNB,0
2023-12-26,BNB,1
2023-12-27,BNB,1
2023-12-28,BNB,1
2023-12-29,BNB,1
2023-12-30,BNB,1
2023-12-31,BNB,0
2024-01-01,BNB,1
2024-01-02,BNB,1
2024-01-03,BNB,1
2024-01-04,BNB,1
2024-01-05,BNB,1
2024-01-06,BNB,1
2024-01-07,BNB,1
2024-01-08,BNB,1
2024-01-09,BNB,1
2024-01-10,BNB,1
2024-01-11,BNB,1
2024-01-12,BNB,1
2024-01-13,BNB,1
2024-01-14,BNB,1
2024-01-15,BNB,1
2024-01-16,BNB,1
2024-01-17,BNB,1
2024-01-18,BNB,1
2024-01-19,BNB,1
2024-01-20,BNB,1
2024-01-21,BNB,1
2024-01-22,BNB,0
2024-01-23,BNB,1
2024-01-24,BNB,1
2024-01-25,BNB,1
2024-01-26,BNB,0
2024-01-27,BNB,1
2024-01-28,BNB,1
2024-01-29,BNB,1
2024-01-30,BNB,0
2024-01-31,BNB,1
2024-02-01,BNB,0
2024-02-02,BNB,1
2024-02-03,BNB,1
2024-02-04,BNB,1
2024-02-05,BNB,1
2024-02-06,BNB,1
2024-02-07,BNB,1
2024-02-08,BNB,1
2024-02-09,BNB,1
2024-02-10,BNB,1
2024-02-11,BNB,1
2024-02-12,BNB,1
2024-02-13,BNB,1
2024-02-14,BNB,1
2024-02-15,BNB,1
2024-02-16,BNB,0
2024-02-17,BNB,1
2024-02-18,BNB,1
2024-02-19,BNB,1
2024-02-20,BNB,1
2024-02-21,BNB,1
2024-02-22,BNB,1
2024-02-23,BNB,0
2024-02-24,BNB,1
2024-02-25,BNB,0
2024-02-26,BNB,0
2024-02-27,BNB,0
2024-02-28,BNB,1
2024-02-29,BNB,1
2024-03-01,BNB,1
2024-03-02,BNB,0
2024-03-03,BNB,0
2024-03-04,BNB,0
2024-03-05,BNB,1
2024-03-06,BNB,1
2024-03-07,BNB,1
2024-03-08,BNB,0
2024-03-09,BNB,1
2024-03-10,BNB,0
2024-03-11,BNB,0
2024-03-12,BNB,0
2024-03-13,BNB,1
2024-03-14,BNB,0
2024-03-15,BNB,0
2024-03-16,BNB,0
2024-03-17,BNB,1
2024-03-18,BNB,0
2024-03-19,BNB,1
2024-03-20,BNB,0
2024-03-21,BNB,1
2024-03-22,BNB,1
2024-03-23,BNB,0
2024-03-24,BNB,1
2024-03-25,BNB,1
2024-03-26,BNB,0
2024-03-27,BNB,1
2024-03-28,BNB,1
2024-03-29,BNB,1
2024-03-30,BNB,1
2024-03-31,BNB,0
2024-04-01,BNB,0
2024-04-02,BNB,0
2024-04-03,BNB,1
2024-04-04,BNB,1
2024-04-05,BNB,1
2024-04-06,BNB,1
2024-04-07,BNB,1
2024-04-08,BNB,1
2024-04-09,BNB,1
2024-04-10,BNB,1
2024-04-11,BNB,1
2024-04-12,BNB,1
2024-04-13,BNB,1
2024-04-14,BNB,1
2024-04-15,BNB,1
2024-04-16,BNB,1
2024-04-17,BNB,1
2024-04-18,BNB,1
2024-04-19,BNB,1
2024-04-20,BNB,1
2024-04-21,BNB,1
2024-04-22,BNB,1
2024-04-23,BNB,1
2024-04-24,BNB,1
2024-04-25,BNB,1
2024-04-26,BNB,0
2024-04-27,BNB,1
2024-04-28,BNB,1
2024-04-29,BNB,1
2024-04-30,BNB,0
2024-05-01,BNB,1
2024-05-02,BNB,1
2024-05-03,BNB,1
2024-05-04,BNB,0
2024-05-05,BNB,0
2024-05-06,BNB,0
2024-05-07,BNB,0
2024-05-08,BNB,1
2024-05-09,BNB,1
2024-05-10,BNB,1
2024-05-11,BNB,1
2024-05-12,BNB,1
2024-05-13,BNB,1
2024-05-14,BNB,1
2024-05-15,BNB,0
2024-05-16,BNB,0
2024-05-17,BNB,1
2024-05-18,BNB,1
2024-05-19,BNB,1
2024-05-20,BNB,1
2024-05-21,BNB,1
2024-05-22,BNB,1
2024-05-23,BNB,1
2024-05-24,BNB,1
2024-05-25,BNB,1
2024-05-26,BNB,1
2024-05-27,BNB,1
2024-05-28,BNB,1
2024-05-29,BNB,1
2024-05-30,BNB,1
2024-05-31,BNB,1
2024-06-01,BNB,1
2024-06-02,BNB,1
2024-06-03,BNB,1
2024-06-04,BNB,1
2024-06-05,BNB,0
2024-06-06,BNB,1
2024-06-07,BNB,1
2024-06-08,BNB,0
2024-06-09,BNB,0
2024-06-10,BNB,1
2024-06-11,BNB,0
2024-06-12,BNB,0
2024-06-13,BNB,1
2024-06-14,BNB,0
2024-06-15,BNB,0
2024-06-16,BNB,1
2024-06-17,BNB,0
2024-06-18,BNB,1
2024-06-19,BNB,0
2024-06-20,BNB,0
2024-06-21,BNB,0
2024-06-22,BNB,0
2024-06-23,BNB,0
2024-06-24,BNB,0
2024-06-25,BNB,0
2024-06-26,BNB,1
2024-06-27,BNB,1
2024-06-28,BNB,1
2024-06-29,BNB,1
2024-06-30,BNB,0
2024-07-01,BNB,1
2024-07-02,BNB,0
2024-07-03,BNB,0
2024-07-04,BNB,1
2024-07-05,BNB,0
2024-07-06,BNB,0
2024-07-07,BNB,1
2024-07-08,BNB,1
2024-07-09,BNB,0
2024-07-10,BNB,1
2024-07-11,BNB,1
2024-07-12,BNB,0
2024-07-13,BNB,0
2024-07-14,BNB,0
2024-07-15,BNB,0
2024-07-16,BNB,0
2024-07-17,BNB,0
2024-07-18,BNB,0
2024-07-19,BNB,0
2024-07-20,BNB,0
2024-07-21,BNB,0
2024-07-22,BNB,0
2024-07-23,BNB,0
2024-07-24,BNB,0
2024-07-25,BNB,1
2024-07-26,BNB,0
2024-07-27,BNB,1
2024-07-28,BNB,1
2024-07-29,BNB,1
2024-07-30,BNB,0
2024-07-31,BNB,1
2024-08-01,BNB,0
2024-08-02,BNB,1
2024-08-03,BNB,1
2024-08-04,BNB,1
2024-08-05,BNB,1
2024-08-06,BNB,1
2024-08-07,BNB,0
2024-08-08,BNB,0
2024-08-09,BNB,1
2024-08-10,BNB,1
2024-08-11,BNB,0
2024-08-12,BNB,1
2024-08-13,BNB,1
2024-08-14,BNB,1
2024-08-15,BNB,1
2024-08-16,BNB,1
2024-08-17,BNB,1
2024-08-18,BNB,1
2024-08-19,BNB,1
2024-08-20,BNB,1
2024-08-21,BNB,0
2024-08-22,BNB,1
2024-08-23,BNB,1
2024-08-24,BNB,1
2024-08-25,BNB,0
2024-08-26,BNB,1
2024-08-27,BNB,1
2024-08-28,BNB,1
2024-08-29,BNB,0
2024-08-30,BNB,1
2024-08-31,BNB,1
2024-09-01,BNB,1
2024-09-02,BNB,1
2024-09-03,BNB,1
2024-09-04,BNB,1
2024-09-05,BNB,1
2024-09-06,BNB,1
2024-09-07,BNB,1
2024-09-08,BNB,1
2024-09-09,BNB,1
2024-09-10,BNB,1
2024-09-11,BNB,1
2024-09-12,BNB,1
2024-09-13,BNB,1
2024-09-14,BNB,0
2024-09-15,BNB,1
2024-09-16,BNB,0
2024-09-17,BNB,1
2024-09-18,BNB,1
2024-09-19,BNB,1
2024-09-20,BNB,1
2024-09-21,BNB,1
2024-09-22,BNB,1
2024-09-23,BNB,1
2024-09-24,BNB,1
2024-09-25,BNB,0
2024-09-26,BNB,1
2022-01-21,BTC,1
2022-01-22,BTC,1
2022-01-23,BTC,1
2022-01-24,BTC,1
2022-01-25,BTC,1
2022-01-26,BTC,0
2022-01-27,BTC,1
2022-01-28,BTC,1
2022-01-29,BTC,1
2022-01-30,BTC,1
2022-01-31,BTC,1
2022-02-01,BTC,1
2022-02-02,BTC,1
2022-02-03,BTC,1
2022-02-04,BTC,1
2022-02-05,BTC,0
2022-02-06,BTC,0
2022-02-07,BTC,0
2022-02-08,BTC,0
2022-02-09,BTC,1
2022-02-10,BTC,0
2022-02-11,BTC,1
2022-02-12,BTC,0
2022-02-13,BTC,1
2022-02-14,BTC,0
2022-02-15,BTC,0
2022-02-16,BTC,1
2022-02-17,BTC,1
2022-02-18,BTC,0
2022-02-19,BTC,0
2022-02-20,BTC,0
2022-02-21,BTC,0
2022-02-22,BTC,1
2022-02-23,BTC,0
2022-02-24,BTC,0
2022-02-25,BTC,1
2022-02-26,BTC,1
2022-02-27,BTC,1
2022-02-28,BTC,0
2022-03-01,BTC,1
2022-03-02,BTC,1
2022-03-03,BTC,1
2022-03-04,BTC,1
2022-03-05,BTC,1
2022-03-06,BTC,0
2022-03-07,BTC,0
2022-03-08,BTC,0
2022-03-09,BTC,0
2022-03-10,BTC,1
2022-03-11,BTC,1
2022-03-12,BTC,0
2022-03-13,BTC,0
2022-03-14,BTC,0
2022-03-15,BTC,1
2022-03-16,BTC,1
2022-03-17,BTC,0
2022-03-18,BTC,0
2022-03-19,BTC,0
2022-03-20,BTC,1
2022-03-21,BTC,1
2022-03-22,BTC,1
2022-03-23,BTC,1
2022-03-24,BTC,1
2022-03-25,BTC,1
2022-03-26,BTC,1
2022-03-27,BTC,1
2022-03-28,BTC,1
2022-03-29,BTC,1
2022-03-30,BTC,1
2022-03-31,BTC,1
2022-04-01,BTC,1
2022-04-02,BTC,1
2022-04-03,BTC,1
2022-04-04,BTC,1
2022-04-05,BTC,1
2022-04-06,BTC,1
2022-04-07,BTC,1
2022-04-08,BTC,1
2022-04-09,BTC,1
2022-04-10,BTC,1
2022-04-11,BTC,1
2022-04-12,BTC,1
2022-04-13,BTC,1
2022-04-14,BTC,1
2022-04-15,BTC,1
2022-04-16,BTC,1
2022-04-17,BTC,1
2022-04-18,BTC,1
2022-04-19,BTC,1
2022-04-20,BTC,0
2022-04-21,BTC,1
2022-04-22,BTC,1
2022-04-23,BTC,1
2022-04-24,BTC,1
2022-04-25,BTC,0
2022-04-26,BTC,1
2022-04-27,BTC,0
2022-04-28,BTC,1
2022-04-29,BTC,0
2022-04-30,BTC,0
2022-05-01,BTC,0
2022-05-02,BTC,0
2022-05-03,BTC,1
2022-05-04,BTC,0
2022-05-05,BTC,1
2022-05-06,BTC,1
2022-05-07,BTC,1
2022-05-08,BTC,1
2022-05-09,BTC,0
2022-05-10,BTC,1
2022-05-11,BTC,1
2022-05-12,BTC,1
2022-05-13,BTC,0
2022-05-14,BTC,0
2022-05-15,BTC,0
2022-05-16,BTC,1
2022-05-17,BTC,0
2022-05-18,BTC,1
2022-05-19,BTC,1
2022-05-20,BTC,1
2022-05-21,BTC,0
2022-05-22,BTC,1
2022-05-23,BTC,1
2022-05-24,BTC,0
2022-05-25,BTC,1
2022-05-26,BTC,1
2022-05-27,BTC,1
2022-05-28,BTC,1
2022-05-29,BTC,1
2022-05-30,BTC,1
2022-05-31,BTC,1
2022-06-01,BTC,1
2022-06-02,BTC,1
2022-06-03,BTC,1
2022-06-04,BTC,1
2022-06-05,BTC,1
2022-06-06,BTC,1
2022-06-07,BTC,1
2022-06-08,BTC,1
2022-06-09,BTC,0
2022-06-10,BTC,1
2022-06-11,BTC,1
2022-06-12,BTC,1
2022-06-13,BTC,1
2022-06-14,BTC,1
2022-06-15,BTC,1
2022-06-16,BTC,1
2022-06-17,BTC,1
2022-06-18,BTC,1
2022-06-19,BTC,1
2022-06-20,BTC,0
2022-06-21,BTC,1
2022-06-22,BTC,1
2022-06-23,BTC,1
2022-06-24,BTC,0
2022-06-25,BTC,1
2022-06-26,BTC,1
2022-06-27,BTC,1
2022-06-28,BTC,1
2022-06-29,BTC,1
2022-06-30,BTC,1
2022-07-01,BTC,1
2022-07-02,BTC,0
2022-07-03,BTC,1
2022-07-04,BTC,1
2022-07-05,BTC,1
2022-07-06,BTC,1
2022-07-07,BTC,1
2022-07-08,BTC,1
2022-07-09,BTC,1
2022-07-10,BTC,1
2022-07-11,BTC,1
2022-07-12,BTC,1
2022-07-13,BTC,1
2022-07-14,BTC,1
2022-07-15,BTC,1
2022-07-16,BTC,1
2022-07-17,BTC,1
2022-07-18,BTC,1
2022-07-19,BTC,1
2022-07-20,BTC,1
2022-07-21,BTC,1
2022-07-22,BTC,1
2022-07-23,BTC,1
2022-07-24,BTC,1
2022-07-25,BTC,1
2022-07-26,BTC,1
2022-07-27,BTC,1
2022-07-28,BTC,1
2022-07-29,BTC,1
2022-07-30,BTC,1
2022-07-31,BTC,1
2022-08-01,BTC,1
2022-08-02,BTC,1
2022-08-03,BTC,1
2022-08-04,BTC,0
2022-08-05,BTC,1
2022-08-06,BTC,0
2022-08-07,BTC,1
2022-08-08,BTC,0
2022-08-09,BTC,0
2022-08-10,BTC,0
2022-08-11,BTC,0
2022-08-12,BTC,1
2022-08-13,BTC,1
2022-08-14,BTC,1
2022-08-15,BTC,1
2022-08-16,BTC,1
2022-08-17,BTC,1
2022-08-18,BTC,0
2022-08-19,BTC,1
2022-08-20,BTC,1
2022-08-21,BTC,1
2022-08-22,BTC,1
2022-08-23,BTC,1
2022-08-24,BTC,1
2022-08-25,BTC,1
2022-08-26,BTC,1
2022-08-27,BTC,1
2022-08-28,BTC,1
2022-08-29,BTC,1
2022-08-30,BTC,1
2022-08-31,BTC,1
2022-09-01,BTC,1
2022-09-02,BTC,1
2022-09-03,BTC,1
2022-09-04,BTC,1
2022-09-05,BTC,1
2022-09-06,BTC,1
2022-09-07,BTC,1
2022-09-08,BTC,1
2022-09-09,BTC,1
2022-09-10,BTC,1
2022-09-11,BTC,1
2022-09-12,BTC,0
2022-09-13,BTC,0
2022-09-14,BTC,1
2022-09-15,BTC,1
2022-09-16,BTC,1
2022-09-17,BTC,1
2022-09-18,BTC,1
2022-09-19,BTC,1
2022-09-20,BTC,0
2022-09-21,BTC,1
2022-09-22,BTC,0
2022-09-23,BTC,0
2022-09-24,BTC,0
2022-09-25,BTC,0
2022-09-26,BTC,0
2022-09-27,BTC,1
2022-09-28,BTC,1
2022-09-29,BTC,1
2022-09-30,BTC,0
2022-10-01,BTC,0
2022-10-02,BTC,0
2022-10-03,BTC,0
2022-10-04,BTC,0
2022-10-05,BTC,0
2022-10-06,BTC,0
2022-10-07,BTC,0
2022-10-08,BTC,0
2022-10-09,BTC,0
2022-10-10,BTC,0
2022-10-11,BTC,0
2022-10-12,BTC,0
2022-10-13,BTC,0
2022-10-14,BTC,0
2022-10-15,BTC,1
2022-10-16,BTC,0
2022-10-17,BTC,1
2022-10-18,BTC,1
2022-10-19,BTC,1
2022-10-20,BTC,0
2022-10-21,BTC,0
2022-10-22,BTC,1
2022-10-23,BTC,1
2022-10-24,BTC,1
2022-10-25,BTC,1
2022-10-26,BTC,0
2022-10-27,BTC,1
2022-10-28,BTC,1
2022-10-29,BTC,1
2022-10-30,BTC,1
2022-10-31,BTC,0
2022-11-01,BTC,1
2022-11-02,BTC,1
2022-11-03,BTC,0
2022-11-04,BTC,1
2022-11-05,BTC,1
2022-11-06,BTC,1
2022-11-07,BTC,1
2022-11-08,BTC,1
2022-11-09,BTC,1
2022-11-10,BTC,1
2022-11-11,BTC,1
2022-11-12,BTC,1
2022-11-13,BTC,1
2022-11-14,BTC,1
2022-11-15,BTC,1
2022-11-16,BTC,0
2022-11-17,BTC,0
2022-11-18,BTC,0
2022-11-19,BTC,0
2022-11-20,BTC,1
2022-11-21,BTC,0
2022-11-22,BTC,1
2022-11-23,BTC,1
2022-11-24,BTC,1
2022-11-25,BTC,1
2022-11-26,BTC,1
2022-11-27,BTC,0
2022-11-28,BTC,0
2022-11-29,BTC,0
2022-11-30,BTC,1
2022-12-01,BTC,1
2022-12-02,BTC,1
2022-12-03,BTC,1
2022-12-04,BTC,1
2022-12-05,BTC,1
2022-12-06,BTC,1
2022-12-07,BTC,1
2022-12-08,BTC,0
2022-12-09,BTC,1
2022-12-10,BTC,1
2022-12-11,BTC,1
2022-12-12,BTC,1
2022-12-13,BTC,0
2022-12-14,BTC,1
2022-12-15,BTC,0
2022-12-16,BTC,1
2022-12-17,BTC,0
2022-12-18,BTC,1
2022-12-19,BTC,1
2022-12-20,BTC,1
2022-12-21,BTC,1
2022-12-22,BTC,0
2022-12-23,BTC,1
2022-12-24,BTC,0
2022-12-25,BTC,0
2022-12-26,BTC,0
2022-12-27,BTC,1
2022-12-28,BTC,0
2022-12-29,BTC,0
2022-12-30,BTC,0
2022-12-31,BTC,1
2023-01-01,BTC,1
2023-01-02,BTC,0
2023-01-03,BTC,0
2023-01-04,BTC,1
2023-01-05,BTC,1
2023-01-06,BTC,0
2023-01-07,BTC,1
2023-01-08,BTC,1
2023-01-09,BTC,1
2023-01-10,BTC,0
2023-01-11,BTC,0
2023-01-12,BTC,0
2023-01-13,BTC,0
2023-01-14,BTC,1
2023-01-15,BTC,0
2023-01-16,BTC,0
2023-01-17,BTC,0
2023-01-18,BTC,1
2023-01-19,BTC,1
2023-01-20,BTC,1
2023-01-21,BTC,1
2023-01-22,BTC,1
2023-01-23,BTC,0
2023-01-24,BTC,1
2023-01-25,BTC,1
2023-01-26,BTC,1
2023-01-27,BTC,1
2023-01-28,BTC,1
2023-01-29,BTC,1
2023-01-30,BTC,1
2023-01-31,BTC,1
2023-02-01,BTC,1
2023-02-02,BTC,1
2023-02-03,BTC,1
2023-02-04,BTC,1
2023-02-05,BTC,1
2023-02-06,BTC,1
2023-02-07,BTC,1
2023-02-08,BTC,1
2023-02-09,BTC,1
2023-02-10,BTC,1
2023-02-11,BTC,0
2023-02-12,BTC,1
2023-02-13,BTC,1
2023-02-14,BTC,1
2023-02-15,BTC,1
2023-02-16,BTC,1
2023-02-17,BTC,1
2023-02-18,BTC,1
2023-02-19,BTC,1
2023-02-20,BTC,0
2023-02-21,BTC,1
2023-02-22,BTC,1
2023-02-23,BTC,1
2023-02-24,BTC,1
2023-02-25,BTC,1
2023-02-26,BTC,1
2023-02-27,BTC,0
2023-02-28,BTC,0
2023-03-01,BTC,0
2023-03-02,BTC,1
2023-03-03,BTC,0
2023-03-04,BTC,1
2023-03-05,BTC,0
2023-03-06,BTC,1
2023-03-07,BTC,1
2023-03-08,BTC,0
2023-03-09,BTC,0
2023-03-10,BTC,0
2023-03-11,BTC,1
2023-03-12,BTC,1
2023-03-13,BTC,1
2023-03-14,BTC,0
2023-03-15,BTC,1
2023-03-16,BTC,0
2023-03-17,BTC,0
2023-03-18,BTC,1
2023-03-19,BTC,0
2023-03-20,BTC,0
2023-03-21,BTC,0
2023-03-22,BTC,0
2023-03-23,BTC,0
2023-03-24,BTC,1
2023-03-25,BTC,0
2023-03-26,BTC,1
2023-03-27,BTC,1
2023-03-28,BTC,0
2023-03-29,BTC,1
2023-03-30,BTC,0
2023-03-31,BTC,0
2023-04-01,BTC,0
2023-04-02,BTC,0
2023-04-03,BTC,0
2023-04-04,BTC,0
2023-04-05,BTC,0
2023-04-06,BTC,0
2023-04-07,BTC,0
2023-04-08,BTC,1
2023-04-09,BTC,0
2023-04-10,BTC,1
2023-04-11,BTC,0
2023-04-12,BTC,0
2023-04-13,BTC,1
2023-04-14,BTC,1
2023-04-15,BTC,1
2023-04-16,BTC,1
2023-04-17,BTC,0
2023-04-18,BTC,1
2023-04-19,BTC,1
2023-04-20,BTC,1
2023-04-21,BTC,0
2023-04-22,BTC,0
2023-04-23,BTC,1
2023-04-24,BTC,0
2023-04-25,BTC,0
2023-04-26,BTC,1
2023-04-27,BTC,1
2023-04-28,BTC,1
2023-04-29,BTC,1
2023-04-30,BTC,1
2023-05-01,BTC,1
2023-05-02,BTC,1
2023-05-03,BTC,1
2023-05-04,BTC,1
2023-05-05,BTC,1
2023-05-06,BTC,1
2023-05-07,BTC,1
2023-05-08,BTC,1
2023-05-09,BTC,1
2023-05-10,BTC,1
2023-05-11,BTC,1
2023-05-12,BTC,1
2023-05-13,BTC,0
2023-05-14,BTC,1
2023-05-15,BTC,1
2023-05-16,BTC,0
2023-05-17,BTC,1
2023-05-18,BTC,0
2023-05-19,BTC,1
2023-05-20,BTC,1
2023-05-21,BTC,1
2023-05-22,BTC,0
2023-05-23,BTC,1
2023-05-24,BTC,1
2023-05-25,BTC,0
2023-05-26,BTC,0
2023-05-27,BTC,0
2023-05-28,BTC,1
2023-05-29,BTC,1
2023-05-30,BTC,1
2023-05-31,BTC,0
2023-06-01,BTC,0
2023-06-02,BTC,1
2023-06-03,BTC,1
2023-06-04,BTC,0
2023-06-05,BTC,1
2023-06-06,BTC,1
2023-06-07,BTC,0
2023-06-08,BTC,1
2023-06-09,BTC,0
2023-06-10,BTC,0
2023-06-11,BTC,0
2023-06-12,BTC,0
2023-06-13,BTC,0
2023-06-14,BTC,0
2023-06-15,BTC,1
2023-06-16,BTC,1
2023-06-17,BTC,0
2023-06-18,BTC,0
2023-06-19,BTC,0
2023-06-20,BTC,1
2023-06-21,BTC,0
2023-06-22,BTC,0
2023-06-23,BTC,1
2023-06-24,BTC,0
2023-06-25,BTC,1
2023-06-26,BTC,1
2023-06-27,BTC,1
2023-06-28,BTC,1
2023-06-29,BTC,1
2023-06-30,BTC,1
2023-07-01,BTC,0
2023-07-02,BTC,1
2023-07-03,BTC,1
2023-07-04,BTC,1
2023-07-05,BTC,0
2023-07-06,BTC,0
2023-07-07,BTC,0
2023-07-08,BTC,0
2023-07-09,BTC,0
2023-07-10,BTC,1
2023-07-11,BTC,0
2023-07-12,BTC,1
2023-07-13,BTC,0
2023-07-14,BTC,0
2023-07-15,BTC,0
2023-07-16,BTC,0
2023-07-17,BTC,0
2023-07-18,BTC,0
2023-07-19,BTC,0
2023-07-20,BTC,0
2023-07-21,BTC,0
2023-07-22,BTC,1
2023-07-23,BTC,1
2023-07-24,BTC,1
2023-07-25,BTC,0
2023-07-26,BTC,1
2023-07-27,BTC,1
2023-07-28,BTC,0
2023-07-29,BTC,0
2023-07-30,BTC,0
2023-07-31,BTC,1
2023-08-01,BTC,1
2023-08-02,BTC,1
2023-08-03,BTC,0
2023-08-04,BTC,1
2023-08-05,BTC,0
2023-08-06,BTC,0
2023-08-07,BTC,1
2023-08-08,BTC,0
2023-08-09,BTC,0
2023-08-10,BTC,0
2023-08-11,BTC,1
2023-08-12,BTC,0
2023-08-13,BTC,0
2023-08-14,BTC,1
2023-08-15,BTC,0
2023-08-16,BTC,0
2023-08-17,BTC,0
2023-08-18,BTC,0
2023-08-19,BTC,0
2023-08-20,BTC,0
2023-08-21,BTC,0
2023-08-22,BTC,1
2023-08-23,BTC,1
2023-08-24,BTC,1
2023-08-25,BTC,0
2023-08-26,BTC,1
2023-08-27,BTC,0
2023-08-28,BTC,1
2023-08-29,BTC,0
2023-08-30,BTC,0
2023-08-31,BTC,1
2023-09-01,BTC,1
2023-09-02,BTC,1
2023-09-03,BTC,0
2023-09-04,BTC,1
2023-09-05,BTC,0
2023-09-06,BTC,0
2023-09-07,BTC,0
2023-09-08,BTC,0
2023-09-09,BTC,0
2023-09-10,BTC,0
2023-09-11,BTC,1
2023-09-12,BTC,0
2023-09-13,BTC,1
2023-09-14,BTC,1
2023-09-15,BTC,1
2023-09-16,BTC,0
2023-09-17,BTC,1
2023-09-18,BTC,1
2023-09-19,BTC,1
2023-09-20,BTC,1
2023-09-21,BTC,1
2023-09-22,BTC,1
2023-09-23,BTC,1
2023-09-24,BTC,1
2023-09-25,BTC,1
2023-09-26,BTC,0
2023-09-27,BTC,0
2023-09-28,BTC,1
2023-09-29,BTC,1
2023-09-30,BTC,1
2023-10-01,BTC,1
2023-10-02,BTC,1
2023-10-03,BTC,1
2023-10-04,BTC,1
2023-10-05,BTC,1
2023-10-06,BTC,1
2023-10-07,BTC,1
2023-10-08,BTC,1
2023-10-09,BTC,1
2023-10-10,BTC,1
2023-10-11,BTC,1
2023-10-12,BTC,1
2023-10-13,BTC,1
2023-10-14,BTC,1
2023-10-15,BTC,1
2023-10-16,BTC,1
2023-10-17,BTC,1
2023-10-18,BTC,1
2023-10-19,BTC,1
2023-10-20,BTC,1
2023-10-21,BTC,0
2023-10-22,BTC,1
2023-10-23,BTC,1
2023-10-24,BTC,1
2023-10-25,BTC,1
2023-10-26,BTC,1
2023-10-27,BTC,1
2023-10-28,BTC,1
2023-10-29,BTC,1
2023-10-30,BTC,0
2023-10-31,BTC,1
2023-11-01,BTC,1
2023-11-02,BTC,1
2023-11-03,BTC,1
2023-11-04,BTC,1
2023-11-05,BTC,0
2023-11-06,BTC,0
2023-11-07,BTC,1
2023-11-08,BTC,0
2023-11-09,BTC,1
2023-11-10,BTC,1
2023-11-11,BTC,1
2023-11-12,BTC,1
2023-11-13,BTC,1
2023-11-14,BTC,1
2023-11-15,BTC,0
2023-11-16,BTC,1
2023-11-17,BTC,1
2023-11-18,BTC,1
2023-11-19,BTC,1
2023-11-20,BTC,1
2023-11-21,BTC,0
2023-11-22,BTC,1
2023-11-23,BTC,0
2023-11-24,BTC,0
2023-11-25,BTC,1
2023-11-26,BTC,0
2023-11-27,BTC,1
2023-11-28,BTC,1
2023-11-29,BTC,1
2023-11-30,BTC,1
2023-12-01,BTC,0
2023-12-02,BTC,1
2023-12-03,BTC,1
2023-12-04,BTC,1
2023-12-05,BTC,0
2023-12-06,BTC,0
2023-12-07,BTC,0
2023-12-08,BTC,1
2023-12-09,BTC,1
2023-12-10,BTC,1
2023-12-11,BTC,0
2023-12-12,BTC,0
2023-12-13,BTC,0
2023-12-14,BTC,1
2023-12-15,BTC,1
2023-12-16,BTC,1
2023-12-17,BTC,0
2023-12-18,BTC,0
2023-12-19,BTC,1
2023-12-20,BTC,0
2023-12-21,BTC,1
2023-12-22,BTC,1
2023-12-23,BTC,0
2023-12-24,BTC,0
2023-12-25,BTC,0
2023-12-26,BTC,1
2023-12-27,BTC,1
2023-12-28,BTC,0
2023-12-29,BTC,0
2023-12-30,BTC,0
2023-12-31,BTC,1
2024-01-01,BTC,1
2024-01-02,BTC,0
2024-01-03,BTC,1
2024-01-04,BTC,1
2024-01-05,BTC,1
2024-01-06,BTC,0
2024-01-07,BTC,1
2024-01-08,BTC,1
2024-01-09,BTC,1
2024-01-10,BTC,0
2024-01-11,BTC,1
2024-01-12,BTC,1
2024-01-13,BTC,1
2024-01-14,BTC,1
2024-01-15,BTC,0
2024-01-16,BTC,0
2024-01-17,BTC,1
2024-01-18,BTC,1
2024-01-19,BTC,1
2024-01-20,BTC,1
2024-01-21,BTC,0
2024-01-22,BTC,1
2024-01-23,BTC,0
2024-01-24,BTC,1
2024-01-25,BTC,1
2024-01-26,BTC,1
2024-01-27,BTC,1
2024-01-28,BTC,1
2024-01-29,BTC,1
2024-01-30,BTC,0
2024-01-31,BTC,1
2024-02-01,BTC,1
2024-02-02,BTC,1
2024-02-03,BTC,1
2024-02-04,BTC,1
2024-02-05,BTC,1
2024-02-06,BTC,1
2024-02-07,BTC,1
2024-02-08,BTC,1
2024-02-09,BTC,0
2024-02-10,BTC,1
2024-02-11,BTC,1
2024-02-12,BTC,0
2024-02-13,BTC,0
2024-02-14,BTC,0
2024-02-15,BTC,0
2024-02-16,BTC,1
2024-02-17,BTC,0
2024-02-18,BTC,0
2024-02-19,BTC,0
2024-02-20,BTC,1
2024-02-21,BTC,0
2024-02-22,BTC,1
2024-02-23,BTC,1
2024-02-24,BTC,1
2024-02-25,BTC,1
2024-02-26,BTC,1
2024-02-27,BTC,0
2024-02-28,BTC,0
2024-02-29,BTC,1
2024-03-01,BTC,1
2024-03-02,BTC,0
2024-03-03,BTC,0
2024-03-04,BTC,1
2024-03-05,BTC,0
2024-03-06,BTC,0
2024-03-07,BTC,0
2024-03-08,BTC,1
2024-03-09,BTC,0
2024-03-10,BTC,0
2024-03-11,BTC,0
2024-03-12,BTC,0
2024-03-13,BTC,0
2024-03-14,BTC,1
2024-03-15,BTC,1
2024-03-16,BTC,1
2024-03-17,BTC,0
2024-03-18,BTC,1
2024-03-19,BTC,0
2024-03-20,BTC,1
2024-03-21,BTC,0
2024-03-22,BTC,0
2024-03-23,BTC,1
2024-03-24,BTC,1
2024-03-25,BTC,0
2024-03-26,BTC,1
2024-03-27,BTC,1
2024-03-28,BTC,1
2024-03-29,BTC,0
2024-03-30,BTC,1
2024-03-31,BTC,1
2024-04-01,BTC,1
2024-04-02,BTC,0
2024-04-03,BTC,1
2024-04-04,BTC,1
2024-04-05,BTC,1
2024-04-06,BTC,0
2024-04-07,BTC,1
2024-04-08,BTC,1
2024-04-09,BTC,0
2024-04-10,BTC,1
2024-04-11,BTC,1
2024-04-12,BTC,1
2024-04-13,BTC,1
2024-04-14,BTC,1
2024-04-15,BTC,1
2024-04-16,BTC,1
2024-04-17,BTC,1
2024-04-18,BTC,1
2024-04-19,BTC,1
2024-04-20,BTC,1
2024-04-21,BTC,1
2024-04-22,BTC,1
2024-04-23,BTC,1
2024-04-24,BTC,1
2024-04-25,BTC,1
2024-04-26,BTC,0
2024-04-27,BTC,1
2024-04-28,BTC,1
2024-04-29,BTC,1
2024-04-30,BTC,0
2024-05-01,BTC,1
2024-05-02,BTC,1
2024-05-03,BTC,0
2024-05-04,BTC,1
2024-05-05,BTC,1
2024-05-06,BTC,0
2024-05-07,BTC,0
2024-05-08,BTC,1
2024-05-09,BTC,1
2024-05-10,BTC,1
2024-05-11,BTC,1
2024-05-12,BTC,1
2024-05-13,BTC,1
2024-05-14,BTC,1
2024-05-15,BTC,1
2024-05-16,BTC,1
2024-05-17,BTC,1
2024-05-18,BTC,1
2024-05-19,BTC,0
2024-05-20,BTC,0
2024-05-21,BTC,0
2024-05-22,BTC,1
2024-05-23,BTC,1
2024-05-24,BTC,1
2024-05-25,BTC,1
2024-05-26,BTC,1
2024-05-27,BTC,1
2024-05-28,BTC,1
2024-05-29,BTC,1
2024-05-30,BTC,1
2024-05-31,BTC,1
2024-06-01,BTC,0
2024-06-02,BTC,1
2024-06-03,BTC,0
2024-06-04,BTC,0
2024-06-05,BTC,1
2024-06-06,BTC,0
2024-06-07,BTC,0
2024-06-08,BTC,1
2024-06-09,BTC,1
2024-06-10,BTC,0
2024-06-11,BTC,1
2024-06-12,BTC,1
2024-06-13,BTC,0
2024-06-14,BTC,1
2024-06-15,BTC,1
2024-06-16,BTC,0
2024-06-17,BTC,1
2024-06-18,BTC,0
2024-06-19,BTC,1
2024-06-20,BTC,1
2024-06-21,BTC,1
2024-06-22,BTC,1
2024-06-23,BTC,1
2024-06-24,BTC,1
2024-06-25,BTC,1
2024-06-26,BTC,1
2024-06-27,BTC,1
2024-06-28,BTC,1
2024-06-29,BTC,1
2024-06-30,BTC,0
2024-07-01,BTC,1
2024-07-02,BTC,0
2024-07-03,BTC,0
2024-07-04,BTC,1
2024-07-05,BTC,0
2024-07-06,BTC,0
2024-07-07,BTC,1
2024-07-08,BTC,1
2024-07-09,BTC,1
2024-07-10,BTC,1
2024-07-11,BTC,1
2024-07-12,BTC,0
2024-07-13,BTC,0
2024-07-14,BTC,0
2024-07-15,BTC,0
2024-07-16,BTC,0
2024-07-17,BTC,0
2024-07-18,BTC,0
2024-07-19,BTC,0
2024-07-20,BTC,0
2024-07-21,BTC,0
2024-07-22,BTC,0
2024-07-23,BTC,0
2024-07-24,BTC,0
2024-07-25,BTC,1
2024-07-26,BTC,1
2024-07-27,BTC,1
2024-07-28,BTC,1
2024-07-29,BTC,1
2024-07-30,BTC,0
2024-07-31,BTC,1
2024-08-01,BTC,0
2024-08-02,BTC,1
2024-08-03,BTC,1
2024-08-04,BTC,1
2024-08-05,BTC,1
2024-08-06,BTC,1
2024-08-07,BTC,0
2024-08-08,BTC,0
2024-08-09,BTC,1
2024-08-10,BTC,1
2024-08-11,BTC,0
2024-08-12,BTC,1
2024-08-13,BTC,1
2024-08-14,BTC,1
2024-08-15,BTC,1
2024-08-16,BTC,1
2024-08-17,BTC,1
2024-08-18,BTC,1
2024-08-19,BTC,0
2024-08-20,BTC,1
2024-08-21,BTC,1
2024-08-22,BTC,0
2024-08-23,BTC,0
2024-08-24,BTC,0
2024-08-25,BTC,1
2024-08-26,BTC,1
2024-08-27,BTC,0
2024-08-28,BTC,1
2024-08-29,BTC,0
2024-08-30,BTC,1
2024-08-31,BTC,1
2024-09-01,BTC,1
2024-09-02,BTC,1
2024-09-03,BTC,1
2024-09-04,BTC,1
2024-09-05,BTC,0
2024-09-06,BTC,1
2024-09-07,BTC,1
2024-09-08,BTC,1
2024-09-09,BTC,0
2024-09-10,BTC,0
2024-09-11,BTC,1
2024-09-12,BTC,1
2024-09-13,BTC,1
2024-09-14,BTC,0
2024-09-15,BTC,1
2024-09-16,BTC,0
2024-09-17,BTC,0
2024-09-18,BTC,1
2024-09-19,BTC,1
2024-09-20,BTC,1
2024-09-21,BTC,1
2024-09-22,BTC,1
2024-09-23,BTC,1
2024-09-24,BTC,1
2024-09-25,BTC,1
2024-09-26,BTC,1
2022-01-21,ETH,0
2022-01-22,ETH,1
2022-01-23,ETH,0
2022-01-24,ETH,0
2022-01-25,ETH,0
2022-01-26,ETH,0
2022-01-27,ETH,0
2022-01-28,ETH,0
2022-01-29,ETH,0
2022-01-30,ETH,0
2022-01-31,ETH,1
2022-02-01,ETH,1
2022-02-02,ETH,1
2022-02-03,ETH,1
2022-02-04,ETH,1
2022-02-05,ETH,0
2022-02-06,ETH,0
2022-02-07,ETH,0
2022-02-08,ETH,0
2022-02-09,ETH,0
2022-02-10,ETH,0
2022-02-11,ETH,1
2022-02-12,ETH,0
2022-02-13,ETH,0
2022-02-14,ETH,0
2022-02-15,ETH,1
2022-02-16,ETH,1
2022-02-17,ETH,1
2022-02-18,ETH,0
2022-02-19,ETH,0
2022-02-20,ETH,0
2022-02-21,ETH,0
2022-02-22,ETH,1
2022-02-23,ETH,0
2022-02-24,ETH,0
2022-02-25,ETH,1
2022-02-26,ETH,1
2022-02-27,ETH,0
2022-02-28,ETH,1
2022-03-01,ETH,1
2022-03-02,ETH,0
2022-03-03,ETH,0
2022-03-04,ETH,0
2022-03-05,ETH,1
2022-03-06,ETH,0
2022-03-07,ETH,0
2022-03-08,ETH,0
2022-03-09,ETH,0
2022-03-10,ETH,0
2022-03-11,ETH,1
2022-03-12,ETH,0
2022-03-13,ETH,0
2022-03-14,ETH,0
2022-03-15,ETH,1
2022-03-16,ETH,0
2022-03-17,ETH,1
2022-03-18,ETH,0
2022-03-19,ETH,0
2022-03-20,ETH,0
2022-03-21,ETH,0
2022-03-22,ETH,0
2022-03-23,ETH,1
2022-03-24,ETH,1
2022-03-25,ETH,1
2022-03-26,ETH,1
2022-03-27,ETH,1
2022-03-28,ETH,1
2022-03-29,ETH,1
2022-03-30,ETH,1
2022-03-31,ETH,1
2022-04-01,ETH,1
2022-04-02,ETH,1
2022-04-03,ETH,1
2022-04-04,ETH,1
2022-04-05,ETH,1
2022-04-06,ETH,1
2022-04-07,ETH,1
2022-04-08,ETH,1
2022-04-09,ETH,1
2022-04-10,ETH,1
2022-04-11,ETH,1
2022-04-12,ETH,1
2022-04-13,ETH,1
2022-04-14,ETH,1
2022-04-15,ETH,1
2022-04-16,ETH,1
2022-04-17,ETH,1
2022-04-18,ETH,0
2022-04-19,ETH,1
2022-04-20,ETH,0
2022-04-21,ETH,1
2022-04-22,ETH,1
2022-04-23,ETH,1
2022-04-24,ETH,1
2022-04-25,ETH,0
2022-04-26,ETH,0
2022-04-27,ETH,0
2022-04-28,ETH,1
2022-04-29,ETH,0
2022-04-30,ETH,0
2022-05-01,ETH,0
2022-05-02,ETH,0
2022-05-03,ETH,1
2022-05-04,ETH,0
2022-05-05,ETH,1
2022-05-06,ETH,1
2022-05-07,ETH,1
2022-05-08,ETH,1
2022-05-09,ETH,0
2022-05-10,ETH,1
2022-05-11,ETH,1
2022-05-12,ETH,1
2022-05-13,ETH,0
2022-05-14,ETH,0
2022-05-15,ETH,0
2022-05-16,ETH,1
2022-05-17,ETH,0
2022-05-18,ETH,1
2022-05-19,ETH,1
2022-05-20,ETH,1
2022-05-21,ETH,0
2022-05-22,ETH,1
2022-05-23,ETH,1
2022-05-24,ETH,1
2022-05-25,ETH,1
2022-05-26,ETH,0
2022-05-27,ETH,0
2022-05-28,ETH,1
2022-05-29,ETH,1
2022-05-30,ETH,1
2022-05-31,ETH,0
2022-06-01,ETH,1
2022-06-02,ETH,0
2022-06-03,ETH,1
2022-06-04,ETH,1
2022-06-05,ETH,1
2022-06-06,ETH,1
2022-06-07,ETH,1
2022-06-08,ETH,1
2022-06-09,ETH,0
2022-06-10,ETH,1
2022-06-11,ETH,0
2022-06-12,ETH,1
2022-06-13,ETH,0
2022-06-14,ETH,0
2022-06-15,ETH,1
2022-06-16,ETH,0
2022-06-17,ETH,1
2022-06-18,ETH,1
2022-06-19,ETH,0
2022-06-20,ETH,0
2022-06-21,ETH,1
2022-06-22,ETH,1
2022-06-23,ETH,0
2022-06-24,ETH,0
2022-06-25,ETH,1
2022-06-26,ETH,1
2022-06-27,ETH,1
2022-06-28,ETH,0
2022-06-29,ETH,0
2022-06-30,ETH,0
2022-07-01,ETH,0
2022-07-02,ETH,1
2022-07-03,ETH,0
2022-07-04,ETH,0
2022-07-05,ETH,1
2022-07-06,ETH,0
2022-07-07,ETH,0
2022-07-08,ETH,0
2022-07-09,ETH,0
2022-07-10,ETH,0
2022-07-11,ETH,0
2022-07-12,ETH,0
2022-07-13,ETH,0
2022-07-14,ETH,0
2022-07-15,ETH,0
2022-07-16,ETH,0
2022-07-17,ETH,0
2022-07-18,ETH,0
2022-07-19,ETH,0
2022-07-20,ETH,0
2022-07-21,ETH,0
2022-07-22,ETH,0
2022-07-23,ETH,0
2022-07-24,ETH,0
2022-07-25,ETH,0
2022-07-26,ETH,0
2022-07-27,ETH,0
2022-07-28,ETH,0
2022-07-29,ETH,0
2022-07-30,ETH,1
2022-07-31,ETH,1
2022-08-01,ETH,0
2022-08-02,ETH,0
2022-08-03,ETH,1
2022-08-04,ETH,0
2022-08-05,ETH,0
2022-08-06,ETH,0
2022-08-07,ETH,0
2022-08-08,ETH,0
2022-08-09,ETH,0
2022-08-10,ETH,0
2022-08-11,ETH,0
2022-08-12,ETH,0
2022-08-13,ETH,0
2022-08-14,ETH,0
2022-08-15,ETH,0
2022-08-16,ETH,0
2022-08-17,ETH,0
2022-08-18,ETH,0
2022-08-19,ETH,0
2022-08-20,ETH,0
2022-08-21,ETH,0
2022-08-22,ETH,0
2022-08-23,ETH,0
2022-08-24,ETH,0
2022-08-25,ETH,0
2022-08-26,ETH,0
2022-08-27,ETH,0
2022-08-28,ETH,0
2022-08-29,ETH,0
2022-08-30,ETH,0
2022-08-31,ETH,0
2022-09-01,ETH,0
2022-09-02,ETH,0
2022-09-03,ETH,0
2022-09-04,ETH,0
2022-09-05,ETH,0
2022-09-06,ETH,0
2022-09-07,ETH,0
2022-09-08,ETH,1
2022-09-09,ETH,0
2022-09-10,ETH,0
2022-09-11,ETH,0
2022-09-12,ETH,0
2022-09-13,ETH,0
2022-09-14,ETH,0
2022-09-15,ETH,0
2022-09-16,ETH,0
2022-09-17,ETH,0
2022-09-18,ETH,0
2022-09-19,ETH,0
2022-09-20,ETH,0
2022-09-21,ETH,0
2022-09-22,ETH,0
2022-09-23,ETH,0
2022-09-24,ETH,0
2022-09-25,ETH,0
2022-09-26,ETH,0
2022-09-27,ETH,1
2022-09-28,ETH,1
2022-09-29,ETH,1
2022-09-30,ETH,0
2022-10-01,ETH,0
2022-10-02,ETH,0
2022-10-03,ETH,0
2022-10-04,ETH,0
2022-10-05,ETH,0
2022-10-06,ETH,0
2022-10-07,ETH,0
2022-10-08,ETH,0
2022-10-09,ETH,0
2022-10-10,ETH,0
2022-10-11,ETH,0
2022-10-12,ETH,0
2022-10-13,ETH,0
2022-10-14,ETH,0
2022-10-15,ETH,1
2022-10-16,ETH,0
2022-10-17,ETH,1
2022-10-18,ETH,1
2022-10-19,ETH,1
2022-10-20,ETH,0
2022-10-21,ETH,0
2022-10-22,ETH,1
2022-10-23,ETH,1
2022-10-24,ETH,1
2022-10-25,ETH,0
2022-10-26,ETH,1
2022-10-27,ETH,0
2022-10-28,ETH,0
2022-10-29,ETH,0
2022-10-30,ETH,0
2022-10-31,ETH,1
2022-11-01,ETH,0
2022-11-02,ETH,0
2022-11-03,ETH,0
2022-11-04,ETH,1
2022-11-05,ETH,1
2022-11-06,ETH,1
2022-11-07,ETH,1
2022-11-08,ETH,0
2022-11-09,ETH,1
2022-11-10,ETH,1
2022-11-11,ETH,1
2022-11-12,ETH,1
2022-11-13,ETH,1
2022-11-14,ETH,1
2022-11-15,ETH,1
2022-11-16,ETH,0
2022-11-17,ETH,0
2022-11-18,ETH,0
2022-11-19,ETH,0
2022-11-20,ETH,0
2022-11-21,ETH,0
2022-11-22,ETH,1
2022-11-23,ETH,1
2022-11-24,ETH,1
2022-11-25,ETH,1
2022-11-26,ETH,1
2022-11-27,ETH,0
2022-11-28,ETH,0
2022-11-29,ETH,0
2022-11-30,ETH,0
2022-12-01,ETH,1
2022-12-02,ETH,1
2022-12-03,ETH,0
2022-12-04,ETH,0
2022-12-05,ETH,1
2022-12-06,ETH,0
2022-12-07,ETH,1
2022-12-08,ETH,0
2022-12-09,ETH,0
2022-12-10,ETH,0
2022-12-11,ETH,0
2022-12-12,ETH,0
2022-12-13,ETH,0
2022-12-14,ETH,1
2022-12-15,ETH,0
2022-12-16,ETH,0
2022-12-17,ETH,0
2022-12-18,ETH,0
2022-12-19,ETH,1
2022-12-20,ETH,1
2022-12-21,ETH,1
2022-12-22,ETH,0
2022-12-23,ETH,1
2022-12-24,ETH,0
2022-12-25,ETH,0
2022-12-26,ETH,0
2022-12-27,ETH,1
2022-12-28,ETH,0
2022-12-29,ETH,0
2022-12-30,ETH,0
2022-12-31,ETH,1
2023-01-01,ETH,1
2023-01-02,ETH,0
2023-01-03,ETH,0
2023-01-04,ETH,1
2023-01-05,ETH,1
2023-01-06,ETH,0
2023-01-07,ETH,1
2023-01-08,ETH,1
2023-01-09,ETH,1
2023-01-10,ETH,0
2023-01-11,ETH,0
2023-01-12,ETH,0
2023-01-13,ETH,0
2023-01-14,ETH,1
2023-01-15,ETH,0
2023-01-16,ETH,0
2023-01-17,ETH,0
2023-01-18,ETH,1
2023-01-19,ETH,1
2023-01-20,ETH,1
2023-01-21,ETH,1
2023-01-22,ETH,1
2023-01-23,ETH,0
2023-01-24,ETH,1
2023-01-25,ETH,1
2023-01-26,ETH,1
2023-01-27,ETH,0
2023-01-28,ETH,1
2023-01-29,ETH,1
2023-01-30,ETH,1
2023-01-31,ETH,1
2023-02-01,ETH,1
2023-02-02,ETH,1
2023-02-03,ETH,1
2023-02-04,ETH,1
2023-02-05,ETH,1
2023-02-06,ETH,1
2023-02-07,ETH,1
2023-02-08,ETH,1
2023-02-09,ETH,1
2023-02-10,ETH,1
2023-02-11,ETH,0
2023-02-12,ETH,1
2023-02-13,ETH,1
2023-02-14,ETH,1
2023-02-15,ETH,1
2023-02-16,ETH,1
2023-02-17,ETH,0
2023-02-18,ETH,1
2023-02-19,ETH,1
2023-02-20,ETH,0
2023-02-21,ETH,1
2023-02-22,ETH,1
2023-02-23,ETH,1
2023-02-24,ETH,1
2023-02-25,ETH,1
2023-02-26,ETH,1
2023-02-27,ETH,0
2023-02-28,ETH,0
2023-03-01,ETH,0
2023-03-02,ETH,1
2023-03-03,ETH,0
2023-03-04,ETH,1
2023-03-05,ETH,0
2023-03-06,ETH,1
2023-03-07,ETH,1
2023-03-08,ETH,0
2023-03-09,ETH,0
2023-03-10,ETH,0
2023-03-11,ETH,1
2023-03-12,ETH,1
2023-03-13,ETH,1
2023-03-14,ETH,0
2023-03-15,ETH,1
2023-03-16,ETH,0
2023-03-17,ETH,1
2023-03-18,ETH,1
2023-03-19,ETH,1
2023-03-20,ETH,1
2023-03-21,ETH,0
2023-03-22,ETH,0
2023-03-23,ETH,0
2023-03-24,ETH,0
2023-03-25,ETH,0
2023-03-26,ETH,0
2023-03-27,ETH,0
2023-03-28,ETH,0
2023-03-29,ETH,0
2023-03-30,ETH,0
2023-03-31,ETH,0
2023-04-01,ETH,0
2023-04-02,ETH,0
2023-04-03,ETH,0
2023-04-04,ETH,0
2023-04-05,ETH,0
2023-04-06,ETH,0
2023-04-07,ETH,0
2023-04-08,ETH,0
2023-04-09,ETH,0
2023-04-10,ETH,0
2023-04-11,ETH,0
2023-04-12,ETH,0
2023-04-13,ETH,1
2023-04-14,ETH,0
2023-04-15,ETH,1
2023-04-16,ETH,0
2023-04-17,ETH,1
2023-04-18,ETH,0
2023-04-19,ETH,0
2023-04-20,ETH,0
2023-04-21,ETH,1
2023-04-22,ETH,0
2023-04-23,ETH,1
2023-04-24,ETH,1
2023-04-25,ETH,1
2023-04-26,ETH,1
2023-04-27,ETH,1
2023-04-28,ETH,1
2023-04-29,ETH,1
2023-04-30,ETH,0
2023-05-01,ETH,0
2023-05-02,ETH,0
2023-05-03,ETH,1
2023-05-04,ETH,0
2023-05-05,ETH,0
2023-05-06,ETH,0
2023-05-07,ETH,0
2023-05-08,ETH,1
2023-05-09,ETH,0
2023-05-10,ETH,1
2023-05-11,ETH,1
2023-05-12,ETH,1
2023-05-13,ETH,0
2023-05-14,ETH,1
2023-05-15,ETH,1
2023-05-16,ETH,0
2023-05-17,ETH,1
2023-05-18,ETH,1
2023-05-19,ETH,1
2023-05-20,ETH,1
2023-05-21,ETH,1
2023-05-22,ETH,0
2023-05-23,ETH,1
2023-05-24,ETH,1
2023-05-25,ETH,0
2023-05-26,ETH,0
2023-05-27,ETH,0
2023-05-28,ETH,1
2023-05-29,ETH,1
2023-05-30,ETH,1
2023-05-31,ETH,0
2023-06-01,ETH,0
2023-06-02,ETH,1
2023-06-03,ETH,1
2023-06-04,ETH,0
2023-06-05,ETH,1
2023-06-06,ETH,1
2023-06-07,ETH,0
2023-06-08,ETH,1
2023-06-09,ETH,0
2023-06-10,ETH,0
2023-06-11,ETH,0
2023-06-12,ETH,0
2023-06-13,ETH,0
2023-06-14,ETH,0
2023-06-15,ETH,1
2023-06-16,ETH,1
2023-06-17,ETH,0
2023-06-18,ETH,0
2023-06-19,ETH,0
2023-06-20,ETH,0
2023-06-21,ETH,0
2023-06-22,ETH,0
2023-06-23,ETH,0
2023-06-24,ETH,0
2023-06-25,ETH,1
2023-06-26,ETH,1
2023-06-27,ETH,0
2023-06-28,ETH,0
2023-06-29,ETH,1
2023-06-30,ETH,1
2023-07-01,ETH,0
2023-07-02,ETH,1
2023-07-03,ETH,1
2023-07-04,ETH,1
2023-07-05,ETH,1
2023-07-06,ETH,0
2023-07-07,ETH,0
2023-07-08,ETH,0
2023-07-09,ETH,0
2023-07-10,ETH,1
2023-07-11,ETH,0
2023-07-12,ETH,1
2023-07-13,ETH,0
2023-07-14,ETH,0
2023-07-15,ETH,0
2023-07-16,ETH,0
2023-07-17,ETH,0
2023-07-18,ETH,0
2023-07-19,ETH,0
2023-07-20,ETH,0
2023-07-21,ETH,0
2023-07-22,ETH,1
2023-07-23,ETH,1
2023-07-24,ETH,1
2023-07-25,ETH,0
2023-07-26,ETH,1
2023-07-27,ETH,1
2023-07-28,ETH,0
2023-07-29,ETH,0
2023-07-30,ETH,0
2023-07-31,ETH,0
2023-08-01,ETH,1
2023-08-02,ETH,1
2023-08-03,ETH,0
2023-08-04,ETH,1
2023-08-05,ETH,0
2023-08-06,ETH,0
2023-08-07,ETH,1
2023-08-08,ETH,0
2023-08-09,ETH,0
2023-08-10,ETH,0
2023-08-11,ETH,1
2023-08-12,ETH,0
2023-08-13,ETH,0
2023-08-14,ETH,1
2023-08-15,ETH,0
2023-08-16,ETH,0
2023-08-17,ETH,0
2023-08-18,ETH,0
2023-08-19,ETH,0
2023-08-20,ETH,0
2023-08-21,ETH,0
2023-08-22,ETH,1
2023-08-23,ETH,1
2023-08-24,ETH,1
2023-08-25,ETH,0
2023-08-26,ETH,1
2023-08-27,ETH,0
2023-08-28,ETH,1
2023-08-29,ETH,0
2023-08-30,ETH,0
2023-08-31,ETH,0
2023-09-01,ETH,1
2023-09-02,ETH,1
2023-09-03,ETH,0
2023-09-04,ETH,1
2023-09-05,ETH,0
2023-09-06,ETH,0
2023-09-07,ETH,0
2023-09-08,ETH,0
2023-09-09,ETH,0
2023-09-10,ETH,0
2023-09-11,ETH,1
2023-09-12,ETH,0
2023-09-13,ETH,1
2023-09-14,ETH,1
2023-09-15,ETH,0
2023-09-16,ETH,0
2023-09-17,ETH,1
2023-09-18,ETH,1
2023-09-19,ETH,1
2023-09-20,ETH,1
2023-09-21,ETH,1
2023-09-22,ETH,1
2023-09-23,ETH,1
2023-09-24,ETH,1
2023-09-25,ETH,1
2023-09-26,ETH,0
2023-09-27,ETH,0
2023-09-28,ETH,1
2023-09-29,ETH,1
2023-09-30,ETH,1
2023-10-01,ETH,1
2023-10-02,ETH,1
2023-10-03,ETH,1
2023-10-04,ETH,1
2023-10-05,ETH,1
2023-10-06,ETH,1
2023-10-07,ETH,1
2023-10-08,ETH,1
2023-10-09,ETH,1
2023-10-10,ETH,1
2023-10-11,ETH,1
2023-10-12,ETH,1
2023-10-13,ETH,1
2023-10-14,ETH,1
2023-10-15,ETH,0
2023-10-16,ETH,1
2023-10-17,ETH,1
2023-10-18,ETH,1
2023-10-19,ETH,1
2023-10-20,ETH,1
2023-10-21,ETH,0
2023-10-22,ETH,1
2023-10-23,ETH,0
2023-10-24,ETH,1
2023-10-25,ETH,1
2023-10-26,ETH,0
2023-10-27,ETH,1
2023-10-28,ETH,1
2023-10-29,ETH,1
2023-10-30,ETH,0
2023-10-31,ETH,1
2023-11-01,ETH,1
2023-11-02,ETH,1
2023-11-03,ETH,1
2023-11-04,ETH,1
2023-11-05,ETH,0
2023-11-06,ETH,0
2023-11-07,ETH,1
2023-11-08,ETH,0
2023-11-09,ETH,0
2023-11-10,ETH,1
2023-11-11,ETH,1
2023-11-12,ETH,1
2023-11-13,ETH,1
2023-11-14,ETH,1
2023-11-15,ETH,0
2023-11-16,ETH,1
2023-11-17,ETH,1
2023-11-18,ETH,1
2023-11-19,ETH,1
2023-11-20,ETH,1
2023-11-21,ETH,0
2023-11-22,ETH,1
2023-11-23,ETH,0
2023-11-24,ETH,0
2023-11-25,ETH,1
2023-11-26,ETH,0
2023-11-27,ETH,1
2023-11-28,ETH,1
2023-11-29,ETH,1
2023-11-30,ETH,1
2023-12-01,ETH,0
2023-12-02,ETH,1
2023-12-03,ETH,1
2023-12-04,ETH,1
2023-12-05,ETH,0
2023-12-06,ETH,0
2023-12-07,ETH,0
2023-12-08,ETH,1
2023-12-09,ETH,1
2023-12-10,ETH,1
2023-12-11,ETH,0
2023-12-12,ETH,0
2023-12-13,ETH,0
2023-12-14,ETH,1
2023-12-15,ETH,1
2023-12-16,ETH,1
2023-12-17,ETH,0
2023-12-18,ETH,0
2023-12-19,ETH,1
2023-12-20,ETH,0
2023-12-21,ETH,1
2023-12-22,ETH,1
2023-12-23,ETH,0
2023-12-24,ETH,0
2023-12-25,ETH,0
2023-12-26,ETH,1
2023-12-27,ETH,1
2023-12-28,ETH,0
2023-12-29,ETH,0
2023-12-30,ETH,0
2023-12-31,ETH,1
2024-01-01,ETH,1
2024-01-02,ETH,0
2024-01-03,ETH,1
2024-01-04,ETH,1
2024-01-05,ETH,1
2024-01-06,ETH,0
2024-01-07,ETH,1
2024-01-08,ETH,1
2024-01-09,ETH,1
2024-01-10,ETH,0
2024-01-11,ETH,1
2024-01-12,ETH,1
2024-01-13,ETH,0
2024-01-14,ETH,0
2024-01-15,ETH,0
2024-01-16,ETH,0
2024-01-17,ETH,1
2024-01-18,ETH,0
2024-01-19,ETH,0
2024-01-20,ETH,0
2024-01-21,ETH,0
2024-01-22,ETH,1
2024-01-23,ETH,1
2024-01-24,ETH,1
2024-01-25,ETH,1
2024-01-26,ETH,0
2024-01-27,ETH,1
2024-01-28,ETH,1
2024-01-29,ETH,1
2024-01-30,ETH,0
2024-01-31,ETH,1
2024-02-01,ETH,0
2024-02-02,ETH,1
2024-02-03,ETH,1
2024-02-04,ETH,0
2024-02-05,ETH,1
2024-02-06,ETH,0
2024-02-07,ETH,1
2024-02-08,ETH,1
2024-02-09,ETH,1
2024-02-10,ETH,1
2024-02-11,ETH,1
2024-02-12,ETH,0
2024-02-13,ETH,0
2024-02-14,ETH,0
2024-02-15,ETH,0
2024-02-16,ETH,0
2024-02-17,ETH,0
2024-02-18,ETH,0
2024-02-19,ETH,0
2024-02-20,ETH,1
2024-02-21,ETH,0
2024-02-22,ETH,1
2024-02-23,ETH,0
2024-02-24,ETH,1
2024-02-25,ETH,0
2024-02-26,ETH,0
2024-02-27,ETH,0
2024-02-28,ETH,1
2024-02-29,ETH,1
2024-03-01,ETH,1
2024-03-02,ETH,0
2024-03-03,ETH,0
2024-03-04,ETH,0
2024-03-05,ETH,1
2024-03-06,ETH,0
2024-03-07,ETH,0
2024-03-08,ETH,1
2024-03-09,ETH,0
2024-03-10,ETH,0
2024-03-11,ETH,0
2024-03-12,ETH,0
2024-03-13,ETH,0
2024-03-14,ETH,1
2024-03-15,ETH,1
2024-03-16,ETH,1
2024-03-17,ETH,0
2024-03-18,ETH,1
2024-03-19,ETH,0
2024-03-20,ETH,1
2024-03-21,ETH,0
2024-03-22,ETH,0
2024-03-23,ETH,1
2024-03-24,ETH,1
2024-03-25,ETH,0
2024-03-26,ETH,1
2024-03-27,ETH,1
2024-03-28,ETH,1
2024-03-29,ETH,0
2024-03-30,ETH,0
2024-03-31,ETH,0
2024-04-01,ETH,0
2024-04-02,ETH,0
2024-04-03,ETH,1
2024-04-04,ETH,0
2024-04-05,ETH,1
2024-04-06,ETH,1
2024-04-07,ETH,1
2024-04-08,ETH,1
2024-04-09,ETH,0
2024-04-10,ETH,0
2024-04-11,ETH,0
2024-04-12,ETH,0
2024-04-13,ETH,1
2024-04-14,ETH,0
2024-04-15,ETH,1
2024-04-16,ETH,1
2024-04-17,ETH,1
2024-04-18,ETH,1
2024-04-19,ETH,0
2024-04-20,ETH,1
2024-04-21,ETH,1
2024-04-22,ETH,1
2024-04-23,ETH,1
2024-04-24,ETH,1
2024-04-25,ETH,1
2024-04-26,ETH,0
2024-04-27,ETH,0
2024-04-28,ETH,1
2024-04-29,ETH,1
2024-04-30,ETH,1
2024-05-01,ETH,1
2024-05-02,ETH,1
2024-05-03,ETH,1
2024-05-04,ETH,0
2024-05-05,ETH,0
2024-05-06,ETH,0
2024-05-07,ETH,0
2024-05-08,ETH,1
2024-05-09,ETH,1
2024-05-10,ETH,1
2024-05-11,ETH,1
2024-05-12,ETH,1
2024-05-13,ETH,1
2024-05-14,ETH,1
2024-05-15,ETH,0
2024-05-16,ETH,0
2024-05-17,ETH,0
2024-05-18,ETH,1
2024-05-19,ETH,1
2024-05-20,ETH,0
2024-05-21,ETH,0
2024-05-22,ETH,0
2024-05-23,ETH,0
2024-05-24,ETH,0
2024-05-25,ETH,0
2024-05-26,ETH,0
2024-05-27,ETH,0
2024-05-28,ETH,0
2024-05-29,ETH,0
2024-05-30,ETH,0
2024-05-31,ETH,0
2024-06-01,ETH,1
2024-06-02,ETH,0
2024-06-03,ETH,0
2024-06-04,ETH,0
2024-06-05,ETH,0
2024-06-06,ETH,0
2024-06-07,ETH,0
2024-06-08,ETH,1
2024-06-09,ETH,0
2024-06-10,ETH,0
2024-06-11,ETH,1
2024-06-12,ETH,1
2024-06-13,ETH,0
2024-06-14,ETH,1
2024-06-15,ETH,0
2024-06-16,ETH,0
2024-06-17,ETH,0
2024-06-18,ETH,0
2024-06-19,ETH,0
2024-06-20,ETH,1
2024-06-21,ETH,0
2024-06-22,ETH,1
2024-06-23,ETH,1
2024-06-24,ETH,0
2024-06-25,ETH,0
2024-06-26,ETH,1
2024-06-27,ETH,1
2024-06-28,ETH,1
2024-06-29,ETH,1
2024-06-30,ETH,0
2024-07-01,ETH,1
2024-07-02,ETH,0
2024-07-03,ETH,0
2024-07-04,ETH,1
2024-07-05,ETH,0
2024-07-06,ETH,0
2024-07-07,ETH,1
2024-07-08,ETH,1
2024-07-09,ETH,0
2024-07-10,ETH,1
2024-07-11,ETH,1
2024-07-12,ETH,0
2024-07-13,ETH,0
2024-07-14,ETH,0
2024-07-15,ETH,0
2024-07-16,ETH,0
2024-07-17,ETH,0
2024-07-18,ETH,0
2024-07-19,ETH,0
2024-07-20,ETH,0
2024-07-21,ETH,0
2024-07-22,ETH,0
2024-07-23,ETH,0
2024-07-24,ETH,0
2024-07-25,ETH,1
2024-07-26,ETH,0
2024-07-27,ETH,0
2024-07-28,ETH,1
2024-07-29,ETH,1
2024-07-30,ETH,0
2024-07-31,ETH,1
2024-08-01,ETH,0
2024-08-02,ETH,1
2024-08-03,ETH,0
2024-08-04,ETH,1
2024-08-05,ETH,1
2024-08-06,ETH,1
2024-08-07,ETH,0
2024-08-08,ETH,0
2024-08-09,ETH,0
2024-08-10,ETH,0
2024-08-11,ETH,0
2024-08-12,ETH,0
2024-08-13,ETH,0
2024-08-14,ETH,0
2024-08-15,ETH,0
2024-08-16,ETH,0
2024-08-17,ETH,0
2024-08-18,ETH,0
2024-08-19,ETH,0
2024-08-20,ETH,0
2024-08-21,ETH,0
2024-08-22,ETH,0
2024-08-23,ETH,0
2024-08-24,ETH,0
2024-08-25,ETH,0
2024-08-26,ETH,0
2024-08-27,ETH,0
2024-08-28,ETH,0
2024-08-29,ETH,1
2024-08-30,ETH,0
2024-08-31,ETH,0
2024-09-01,ETH,0
2024-09-02,ETH,0
2024-09-03,ETH,0
2024-09-04,ETH,1
2024-09-05,ETH,0
2024-09-06,ETH,0
2024-09-07,ETH,0
2024-09-08,ETH,0
2024-09-09,ETH,0
2024-09-10,ETH,0
2024-09-11,ETH,0
2024-09-12,ETH,0
2024-09-13,ETH,0
2024-09-14,ETH,0
2024-09-15,ETH,0
2024-09-16,ETH,1
2024-09-17,ETH,1
2024-09-18,ETH,0
2024-09-19,ETH,0
2024-09-20,ETH,0
2024-09-21,ETH,0
2024-09-22,ETH,0
2024-09-23,ETH,0
2024-09-24,ETH,0
2024-09-25,ETH,0
2024-09-26,ETH,1
2022-01-21,SOL,0
2022-01-22,SOL,0
2022-01-23,SOL,0
2022-01-24,SOL,0
2022-01-25,SOL,0
2022-01-26,SOL,1
2022-01-27,SOL,0
2022-01-28,SOL,0
2022-01-29,SOL,0
2022-01-30,SOL,0
2022-01-31,SOL,0
2022-02-01,SOL,0
2022-02-02,SOL,0
2022-02-03,SOL,0
2022-02-04,SOL,0
2022-02-05,SOL,0
2022-02-06,SOL,1
2022-02-07,SOL,0
2022-02-08,SOL,0
2022-02-09,SOL,0
2022-02-10,SOL,1
2022-02-11,SOL,0
2022-02-12,SOL,0
2022-02-13,SOL,0
2022-02-14,SOL,0
2022-02-15,SOL,1
2022-02-16,SOL,0
2022-02-17,SOL,0
2022-02-18,SOL,0
2022-02-19,SOL,0
2022-02-20,SOL,0
2022-02-21,SOL,1
2022-02-22,SOL,0
2022-02-23,SOL,1
2022-02-24,SOL,1
2022-02-25,SOL,0
2022-02-26,SOL,0
2022-02-27,SOL,0
2022-02-28,SOL,0
2022-03-01,SOL,0
2022-03-02,SOL,1
2022-03-03,SOL,1
2022-03-04,SOL,1
2022-03-05,SOL,1
2022-03-06,SOL,1
2022-03-07,SOL,0
2022-03-08,SOL,0
2022-03-09,SOL,0
2022-03-10,SOL,1
2022-03-11,SOL,1
2022-03-12,SOL,0
2022-03-13,SOL,0
2022-03-14,SOL,0
2022-03-15,SOL,1
2022-03-16,SOL,1
2022-03-17,SOL,0
2022-03-18,SOL,0
2022-03-19,SOL,0
2022-03-20,SOL,0
2022-03-21,SOL,0
2022-03-22,SOL,0
2022-03-23,SOL,0
2022-03-24,SOL,0
2022-03-25,SOL,0
2022-03-26,SOL,0
2022-03-27,SOL,0
2022-03-28,SOL,0
2022-03-29,SOL,0
2022-03-30,SOL,0
2022-03-31,SOL,0
2022-04-01,SOL,0
2022-04-02,SOL,0
2022-04-03,SOL,0
2022-04-04,SOL,0
2022-04-05,SOL,0
2022-04-06,SOL,0
2022-04-07,SOL,0
2022-04-08,SOL,0
2022-04-09,SOL,0
2022-04-10,SOL,0
2022-04-11,SOL,0
2022-04-12,SOL,0
2022-04-13,SOL,0
2022-04-14,SOL,0
2022-04-15,SOL,0
2022-04-16,SOL,0
2022-04-17,SOL,1
2022-04-18,SOL,0
2022-04-19,SOL,0
2022-04-20,SOL,1
2022-04-21,SOL,0
2022-04-22,SOL,0
2022-04-23,SOL,0
2022-04-24,SOL,0
2022-04-25,SOL,1
2022-04-26,SOL,0
2022-04-27,SOL,0
2022-04-28,SOL,0
2022-04-29,SOL,0
2022-04-30,SOL,1
2022-05-01,SOL,1
2022-05-02,SOL,1
2022-05-03,SOL,0
2022-05-04,SOL,1
2022-05-05,SOL,0
2022-05-06,SOL,0
2022-05-07,SOL,0
2022-05-08,SOL,0
2022-05-09,SOL,1
2022-05-10,SOL,0
2022-05-11,SOL,0
2022-05-12,SOL,0
2022-05-13,SOL,1
2022-05-14,SOL,1
2022-05-15,SOL,1
2022-05-16,SOL,0
2022-05-17,SOL,1
2022-05-18,SOL,0
2022-05-19,SOL,0
2022-05-20,SOL,0
2022-05-21,SOL,0
2022-05-22,SOL,0
2022-05-23,SOL,0
2022-05-24,SOL,1
2022-05-25,SOL,0
2022-05-26,SOL,0
2022-05-27,SOL,0
2022-05-28,SOL,0
2022-05-29,SOL,0
2022-05-30,SOL,0
2022-05-31,SOL,0
2022-06-01,SOL,0
2022-06-02,SOL,0
2022-06-03,SOL,0
2022-06-04,SOL,0
2022-06-05,SOL,0
2022-06-06,SOL,0
2022-06-07,SOL,0
2022-06-08,SOL,0
2022-06-09,SOL,1
2022-06-10,SOL,0
2022-06-11,SOL,0
2022-06-12,SOL,0
2022-06-13,SOL,0
2022-06-14,SOL,0
2022-06-15,SOL,0
2022-06-16,SOL,0
2022-06-17,SOL,0
2022-06-18,SOL,0
2022-06-19,SOL,0
2022-06-20,SOL,1
2022-06-21,SOL,0
2022-06-22,SOL,0
2022-06-23,SOL,0
2022-06-24,SOL,1
2022-06-25,SOL,0
2022-06-26,SOL,0
2022-06-27,SOL,0
2022-06-28,SOL,0
2022-06-29,SOL,0
2022-06-30,SOL,0
2022-07-01,SOL,0
2022-07-02,SOL,1
2022-07-03,SOL,0
2022-07-04,SOL,0
2022-07-05,SOL,0
2022-07-06,SOL,0
2022-07-07,SOL,0
2022-07-08,SOL,0
2022-07-09,SOL,0
2022-07-10,SOL,0
2022-07-11,SOL,0
2022-07-12,SOL,0
2022-07-13,SOL,0
2022-07-14,SOL,0
2022-07-15,SOL,0
2022-07-16,SOL,0
2022-07-17,SOL,0
2022-07-18,SOL,0
2022-07-19,SOL,1
2022-07-20,SOL,1
2022-07-21,SOL,0
2022-07-22,SOL,0
2022-07-23,SOL,1
2022-07-24,SOL,0
2022-07-25,SOL,0
2022-07-26,SOL,1
2022-07-27,SOL,0
2022-07-28,SOL,0
2022-07-29,SOL,0
2022-07-30,SOL,0
2022-07-31,SOL,0
2022-08-01,SOL,0
2022-08-02,SOL,1
2022-08-03,SOL,0
2022-08-04,SOL,0
2022-08-05,SOL,0
2022-08-06,SOL,0
2022-08-07,SOL,0
2022-08-08,SOL,0
2022-08-09,SOL,0
2022-08-10,SOL,0
2022-08-11,SOL,0
2022-08-12,SOL,0
2022-08-13,SOL,0
2022-08-14,SOL,0
2022-08-15,SOL,0
2022-08-16,SOL,0
2022-08-17,SOL,0
2022-08-18,SOL,1
2022-08-19,SOL,1
2022-08-20,SOL,0
2022-08-21,SOL,0
2022-08-22,SOL,0
2022-08-23,SOL,1
2022-08-24,SOL,0
2022-08-25,SOL,0
2022-08-26,SOL,0
2022-08-27,SOL,0
2022-08-28,SOL,0
2022-08-29,SOL,0
2022-08-30,SOL,0
2022-08-31,SOL,0
2022-09-01,SOL,0
2022-09-02,SOL,0
2022-09-03,SOL,0
2022-09-04,SOL,0
2022-09-05,SOL,0
2022-09-06,SOL,0
2022-09-07,SOL,0
2022-09-08,SOL,0
2022-09-09,SOL,0
2022-09-10,SOL,0
2022-09-11,SOL,0
2022-09-12,SOL,0
2022-09-13,SOL,0
2022-09-14,SOL,0
2022-09-15,SOL,1
2022-09-16,SOL,0
2022-09-17,SOL,0
2022-09-18,SOL,0
2022-09-19,SOL,0
2022-09-20,SOL,0
2022-09-21,SOL,0
2022-09-22,SOL,0
2022-09-23,SOL,0
2022-09-24,SOL,0
2022-09-25,SOL,0
2022-09-26,SOL,0
2022-09-27,SOL,0
2022-09-28,SOL,0
2022-09-29,SOL,1
2022-09-30,SOL,0
2022-10-01,SOL,0
2022-10-02,SOL,0
2022-10-03,SOL,0
2022-10-04,SOL,0
2022-10-05,SOL,0
2022-10-06,SOL,0
2022-10-07,SOL,0
2022-10-08,SOL,0
2022-10-09,SOL,0
2022-10-10,SOL,0
2022-10-11,SOL,0
2022-10-12,SOL,0
2022-10-13,SOL,1
2022-10-14,SOL,0
2022-10-15,SOL,0
2022-10-16,SOL,0
2022-10-17,SOL,0
2022-10-18,SOL,0
2022-10-19,SOL,0
2022-10-20,SOL,1
2022-10-21,SOL,1
2022-10-22,SOL,0
2022-10-23,SOL,0
2022-10-24,SOL,0
2022-10-25,SOL,0
2022-10-26,SOL,1
2022-10-27,SOL,0
2022-10-28,SOL,0
2022-10-29,SOL,0
2022-10-30,SOL,0
2022-10-31,SOL,1
2022-11-01,SOL,0
2022-11-02,SOL,0
2022-11-03,SOL,0
2022-11-04,SOL,0
2022-11-05,SOL,0
2022-11-06,SOL,0
2022-11-07,SOL,0
2022-11-08,SOL,0
2022-11-09,SOL,0
2022-11-10,SOL,0
2022-11-11,SOL,0
2022-11-12,SOL,0
2022-11-13,SOL,0
2022-11-14,SOL,0
2022-11-15,SOL,0
2022-11-16,SOL,1
2022-11-17,SOL,1
2022-11-18,SOL,1
2022-11-19,SOL,1
2022-11-20,SOL,1
2022-11-21,SOL,1
2022-11-22,SOL,0
2022-11-23,SOL,0
2022-11-24,SOL,0
2022-11-25,SOL,0
2022-11-26,SOL,0
2022-11-27,SOL,1
2022-11-28,SOL,1
2022-11-29,SOL,1
2022-11-30,SOL,0
2022-12-01,SOL,0
2022-12-02,SOL,0
2022-12-03,SOL,0
2022-12-04,SOL,0
2022-12-05,SOL,0
2022-12-06,SOL,0
2022-12-07,SOL,0
2022-12-08,SOL,1
2022-12-09,SOL,0
2022-12-10,SOL,0
2022-12-11,SOL,0
2022-12-12,SOL,0
2022-12-13,SOL,0
2022-12-14,SOL,0
2022-12-15,SOL,0
2022-12-16,SOL,0
2022-12-17,SOL,0
2022-12-18,SOL,0
2022-12-19,SOL,0
2022-12-20,SOL,0
2022-12-21,SOL,0
2022-12-22,SOL,1
2022-12-23,SOL,0
2022-12-24,SOL,1
2022-12-25,SOL,1
2022-12-26,SOL,1
2022-12-27,SOL,0
2022-12-28,SOL,1
2022-12-29,SOL,1
2022-12-30,SOL,1
2022-12-31,SOL,0
2023-01-01,SOL,0
2023-01-02,SOL,1
2023-01-03,SOL,1
2023-01-04,SOL,0
2023-01-05,SOL,0
2023-01-06,SOL,1
2023-01-07,SOL,0
2023-01-08,SOL,0
2023-01-09,SOL,0
2023-01-10,SOL,1
2023-01-11,SOL,1
2023-01-12,SOL,1
2023-01-13,SOL,1
2023-01-14,SOL,0
2023-01-15,SOL,1
2023-01-16,SOL,1
2023-01-17,SOL,1
2023-01-18,SOL,0
2023-01-19,SOL,0
2023-01-20,SOL,0
2023-01-21,SOL,0
2023-01-22,SOL,0
2023-01-23,SOL,1
2023-01-24,SOL,0
2023-01-25,SOL,0
2023-01-26,SOL,0
2023-01-27,SOL,0
2023-01-28,SOL,0
2023-01-29,SOL,0
2023-01-30,SOL,0
2023-01-31,SOL,0
2023-02-01,SOL,0
2023-02-02,SOL,0
2023-02-03,SOL,0
2023-02-04,SOL,0
2023-02-05,SOL,0
2023-02-06,SOL,0
2023-02-07,SOL,0
2023-02-08,SOL,0
2023-02-09,SOL,0
2023-02-10,SOL,0
2023-02-11,SOL,1
2023-02-12,SOL,0
2023-02-13,SOL,0
2023-02-14,SOL,0
2023-02-15,SOL,0
2023-02-16,SOL,0
2023-02-17,SOL,0
2023-02-18,SOL,0
2023-02-19,SOL,0
2023-02-20,SOL,1
2023-02-21,SOL,0
2023-02-22,SOL,0
2023-02-23,SOL,0
2023-02-24,SOL,0
2023-02-25,SOL,0
2023-02-26,SOL,0
2023-02-27,SOL,1
2023-02-28,SOL,1
2023-03-01,SOL,0
2023-03-02,SOL,0
2023-03-03,SOL,0
2023-03-04,SOL,0
2023-03-05,SOL,0
2023-03-06,SOL,0
2023-03-07,SOL,0
2023-03-08,SOL,1
2023-03-09,SOL,0
2023-03-10,SOL,1
2023-03-11,SOL,0
2023-03-12,SOL,0
2023-03-13,SOL,1
2023-03-14,SOL,0
2023-03-15,SOL,0
2023-03-16,SOL,0
2023-03-17,SOL,0
2023-03-18,SOL,0
2023-03-19,SOL,0
2023-03-20,SOL,0
2023-03-21,SOL,0
2023-03-22,SOL,0
2023-03-23,SOL,0
2023-03-24,SOL,0
2023-03-25,SOL,0
2023-03-26,SOL,0
2023-03-27,SOL,0
2023-03-28,SOL,0
2023-03-29,SOL,0
2023-03-30,SOL,0
2023-03-31,SOL,0
2023-04-01,SOL,0
2023-04-02,SOL,0
2023-04-03,SOL,0
2023-04-04,SOL,0
2023-04-05,SOL,0
2023-04-06,SOL,0
2023-04-07,SOL,0
2023-04-08,SOL,0
2023-04-09,SOL,0
2023-04-10,SOL,0
2023-04-11,SOL,1
2023-04-12,SOL,1
2023-04-13,SOL,0
2023-04-14,SOL,0
2023-04-15,SOL,0
2023-04-16,SOL,0
2023-04-17,SOL,1
2023-04-18,SOL,0
2023-04-19,SOL,0
2023-04-20,SOL,0
2023-04-21,SOL,1
2023-04-22,SOL,0
2023-04-23,SOL,0
2023-04-24,SOL,1
2023-04-25,SOL,1
2023-04-26,SOL,0
2023-04-27,SOL,0
2023-04-28,SOL,0
2023-04-29,SOL,0
2023-04-30,SOL,0
2023-05-01,SOL,0
2023-05-02,SOL,0
2023-05-03,SOL,0
2023-05-04,SOL,0
2023-05-05,SOL,0
2023-05-06,SOL,0
2023-05-07,SOL,0
2023-05-08,SOL,0
2023-05-09,SOL,0
2023-05-10,SOL,0
2023-05-11,SOL,0
2023-05-12,SOL,0
2023-05-13,SOL,1
2023-05-14,SOL,0
2023-05-15,SOL,0
2023-05-16,SOL,1
2023-05-17,SOL,0
2023-05-18,SOL,1
2023-05-19,SOL,0
2023-05-20,SOL,0
2023-05-21,SOL,0
2023-05-22,SOL,1
2023-05-23,SOL,0
2023-05-24,SOL,0
2023-05-25,SOL,1
2023-05-26,SOL,1
2023-05-27,SOL,1
2023-05-28,SOL,0
2023-05-29,SOL,1
2023-05-30,SOL,0
2023-05-31,SOL,1
2023-06-01,SOL,0
2023-06-02,SOL,0
2023-06-03,SOL,0
2023-06-04,SOL,1
2023-06-05,SOL,0
2023-06-06,SOL,0
2023-06-07,SOL,1
2023-06-08,SOL,0
2023-06-09,SOL,1
2023-06-10,SOL,1
2023-06-11,SOL,1
2023-06-12,SOL,1
2023-06-13,SOL,1
2023-06-14,SOL,1
2023-06-15,SOL,1
2023-06-16,SOL,0
2023-06-17,SOL,1
2023-06-18,SOL,1
2023-06-19,SOL,1
2023-06-20,SOL,0
2023-06-21,SOL,1
2023-06-22,SOL,1
2023-06-23,SOL,1
2023-06-24,SOL,1
2023-06-25,SOL,0
2023-06-26,SOL,0
2023-06-27,SOL,1
2023-06-28,SOL,0
2023-06-29,SOL,0
2023-06-30,SOL,0
2023-07-01,SOL,0
2023-07-02,SOL,0
2023-07-03,SOL,0
2023-07-04,SOL,0
2023-07-05,SOL,0
2023-07-06,SOL,1
2023-07-07,SOL,1
2023-07-08,SOL,1
2023-07-09,SOL,1
2023-07-10,SOL,0
2023-07-11,SOL,1
2023-07-12,SOL,0
2023-07-13,SOL,0
2023-07-14,SOL,1
2023-07-15,SOL,1
2023-07-16,SOL,1
2023-07-17,SOL,1
2023-07-18,SOL,0
2023-07-19,SOL,1
2023-07-20,SOL,1
2023-07-21,SOL,1
2023-07-22,SOL,0
2023-07-23,SOL,0
2023-07-24,SOL,0
2023-07-25,SOL,0
2023-07-26,SOL,0
2023-07-27,SOL,0
2023-07-28,SOL,1
2023-07-29,SOL,0
2023-07-30,SOL,0
2023-07-31,SOL,0
2023-08-01,SOL,0
2023-08-02,SOL,0
2023-08-03,SOL,1
2023-08-04,SOL,0
2023-08-05,SOL,1
2023-08-06,SOL,1
2023-08-07,SOL,0
2023-08-08,SOL,1
2023-08-09,SOL,1
2023-08-10,SOL,1
2023-08-11,SOL,0
2023-08-12,SOL,1
2023-08-13,SOL,1
2023-08-14,SOL,0
2023-08-15,SOL,1
2023-08-16,SOL,1
2023-08-17,SOL,0
2023-08-18,SOL,0
2023-08-19,SOL,1
2023-08-20,SOL,0
2023-08-21,SOL,0
2023-08-22,SOL,0
2023-08-23,SOL,0
2023-08-24,SOL,0
2023-08-25,SOL,1
2023-08-26,SOL,0
2023-08-27,SOL,1
2023-08-28,SOL,0
2023-08-29,SOL,0
2023-08-30,SOL,1
2023-08-31,SOL,1
2023-09-01,SOL,0
2023-09-02,SOL,0
2023-09-03,SOL,1
2023-09-04,SOL,0
2023-09-05,SOL,1
2023-09-06,SOL,1
2023-09-07,SOL,1
2023-09-08,SOL,1
2023-09-09,SOL,1
2023-09-10,SOL,1
2023-09-11,SOL,0
2023-09-12,SOL,1
2023-09-13,SOL,0
2023-09-14,SOL,0
2023-09-15,SOL,0
2023-09-16,SOL,0
2023-09-17,SOL,0
2023-09-18,SOL,0
2023-09-19,SOL,0
2023-09-20,SOL,0
2023-09-21,SOL,0
2023-09-22,SOL,0
2023-09-23,SOL,0
2023-09-24,SOL,0
2023-09-25,SOL,0
2023-09-26,SOL,1
2023-09-27,SOL,1
2023-09-28,SOL,0
2023-09-29,SOL,0
2023-09-30,SOL,0
2023-10-01,SOL,0
2023-10-02,SOL,0
2023-10-03,SOL,0
2023-10-04,SOL,0
2023-10-05,SOL,0
2023-10-06,SOL,0
2023-10-07,SOL,0
2023-10-08,SOL,0
2023-10-09,SOL,0
2023-10-10,SOL,0
2023-10-11,SOL,0
2023-10-12,SOL,0
2023-10-13,SOL,0
2023-10-14,SOL,0
2023-10-15,SOL,0
2023-10-16,SOL,0
2023-10-17,SOL,0
2023-10-18,SOL,0
2023-10-19,SOL,0
2023-10-20,SOL,0
2023-10-21,SOL,1
2023-10-22,SOL,0
2023-10-23,SOL,1
2023-10-24,SOL,0
2023-10-25,SOL,0
2023-10-26,SOL,1
2023-10-27,SOL,0
2023-10-28,SOL,0
2023-10-29,SOL,0
2023-10-30,SOL,1
2023-10-31,SOL,0
2023-11-01,SOL,0
2023-11-02,SOL,0
2023-11-03,SOL,0
2023-11-04,SOL,0
2023-11-05,SOL,1
2023-11-06,SOL,1
2023-11-07,SOL,0
2023-11-08,SOL,1
2023-11-09,SOL,0
2023-11-10,SOL,0
2023-11-11,SOL,0
2023-11-12,SOL,0
2023-11-13,SOL,0
2023-11-14,SOL,0
2023-11-15,SOL,1
2023-11-16,SOL,0
2023-11-17,SOL,0
2023-11-18,SOL,0
2023-11-19,SOL,0
2023-11-20,SOL,0
2023-11-21,SOL,1
2023-11-22,SOL,0
2023-11-23,SOL,1
2023-11-24,SOL,1
2023-11-25,SOL,0
2023-11-26,SOL,1
2023-11-27,SOL,0
2023-11-28,SOL,0
2023-11-29,SOL,0
2023-11-30,SOL,0
2023-12-01,SOL,1
2023-12-02,SOL,0
2023-12-03,SOL,0
2023-12-04,SOL,0
2023-12-05,SOL,1
2023-12-06,SOL,1
2023-12-07,SOL,0
2023-12-08,SOL,0
2023-12-09,SOL,0
2023-12-10,SOL,0
2023-12-11,SOL,0
2023-12-12,SOL,0
2023-12-13,SOL,0
2023-12-14,SOL,0
2023-12-15,SOL,0
2023-12-16,SOL,0
2023-12-17,SOL,1
2023-12-18,SOL,1
2023-12-19,SOL,0
2023-12-20,SOL,1
2023-12-21,SOL,0
2023-12-22,SOL,0
2023-12-23,SOL,1
2023-12-24,SOL,1
2023-12-25,SOL,1
2023-12-26,SOL,0
2023-12-27,SOL,0
2023-12-28,SOL,1
2023-12-29,SOL,1
2023-12-30,SOL,1
2023-12-31,SOL,0
2024-01-01,SOL,0
2024-01-02,SOL,1
2024-01-03,SOL,0
2024-01-04,SOL,0
2024-01-05,SOL,0
2024-01-06,SOL,1
2024-01-07,SOL,0
2024-01-08,SOL,0
2024-01-09,SOL,0
2024-01-10,SOL,1
2024-01-11,SOL,0
2024-01-12,SOL,0
2024-01-13,SOL,0
2024-01-14,SOL,0
2024-01-15,SOL,0
2024-01-16,SOL,0
2024-01-17,SOL,0
2024-01-18,SOL,0
2024-01-19,SOL,0
2024-01-20,SOL,0
2024-01-21,SOL,0
2024-01-22,SOL,1
2024-01-23,SOL,0
2024-01-24,SOL,0
2024-01-25,SOL,0
2024-01-26,SOL,1
2024-01-27,SOL,0
2024-01-28,SOL,0
2024-01-29,SOL,0
2024-01-30,SOL,0
2024-01-31,SOL,0
2024-02-01,SOL,0
2024-02-02,SOL,0
2024-02-03,SOL,0
2024-02-04,SOL,0
2024-02-05,SOL,0
2024-02-06,SOL,0
2024-02-07,SOL,0
2024-02-08,SOL,0
2024-02-09,SOL,0
2024-02-10,SOL,0
2024-02-11,SOL,0
2024-02-12,SOL,0
2024-02-13,SOL,0
2024-02-14,SOL,0
2024-02-15,SOL,0
2024-02-16,SOL,0
2024-02-17,SOL,1
2024-02-18,SOL,1
2024-02-19,SOL,1
2024-02-20,SOL,0
2024-02-21,SOL,0
2024-02-22,SOL,0
2024-02-23,SOL,0
2024-02-24,SOL,0
2024-02-25,SOL,1
2024-02-26,SOL,1
2024-02-27,SOL,1
2024-02-28,SOL,0
2024-02-29,SOL,0
2024-03-01,SOL,1
2024-03-02,SOL,0
2024-03-03,SOL,1
2024-03-04,SOL,0
2024-03-05,SOL,1
2024-03-06,SOL,0
2024-03-07,SOL,1
2024-03-08,SOL,0
2024-03-09,SOL,1
2024-03-10,SOL,0
2024-03-11,SOL,0
2024-03-12,SOL,0
2024-03-13,SOL,1
2024-03-14,SOL,0
2024-03-15,SOL,0
2024-03-16,SOL,0
2024-03-17,SOL,0
2024-03-18,SOL,0
2024-03-19,SOL,1
2024-03-20,SOL,0
2024-03-21,SOL,1
2024-03-22,SOL,1
2024-03-23,SOL,0
2024-03-24,SOL,0
2024-03-25,SOL,1
2024-03-26,SOL,0
2024-03-27,SOL,0
2024-03-28,SOL,0
2024-03-29,SOL,0
2024-03-30,SOL,0
2024-03-31,SOL,0
2024-04-01,SOL,0
2024-04-02,SOL,0
2024-04-03,SOL,1
2024-04-04,SOL,0
2024-04-05,SOL,0
2024-04-06,SOL,0
2024-04-07,SOL,0
2024-04-08,SOL,0
2024-04-09,SOL,0
2024-04-10,SOL,0
2024-04-11,SOL,0
2024-04-12,SOL,0
2024-04-13,SOL,0
2024-04-14,SOL,0
2024-04-15,SOL,0
2024-04-16,SOL,0
2024-04-17,SOL,0
2024-04-18,SOL,0
2024-04-19,SOL,0
2024-04-20,SOL,0
2024-04-21,SOL,0
2024-04-22,SOL,0
2024-04-23,SOL,0
2024-04-24,SOL,0
2024-04-25,SOL,0
2024-04-26,SOL,1
2024-04-27,SOL,0
2024-04-28,SOL,0
2024-04-29,SOL,0
2024-04-30,SOL,1
2024-05-01,SOL,0
2024-05-02,SOL,0
2024-05-03,SOL,0
2024-05-04,SOL,1
2024-05-05,SOL,1
2024-05-06,SOL,1
2024-05-07,SOL,1
2024-05-08,SOL,0
2024-05-09,SOL,0
2024-05-10,SOL,0
2024-05-11,SOL,0
2024-05-12,SOL,0
2024-05-13,SOL,0
2024-05-14,SOL,0
2024-05-15,SOL,1
2024-05-16,SOL,1
2024-05-17,SOL,0
2024-05-18,SOL,0
2024-05-19,SOL,0
2024-05-20,SOL,0
2024-05-21,SOL,0
2024-05-22,SOL,0
2024-05-23,SOL,0
2024-05-24,SOL,0
2024-05-25,SOL,0
2024-05-26,SOL,0
2024-05-27,SOL,0
2024-05-28,SOL,0
2024-05-29,SOL,0
2024-05-30,SOL,0
2024-05-31,SOL,1
2024-06-01,SOL,0
2024-06-02,SOL,0
2024-06-03,SOL,0
2024-06-04,SOL,0
2024-06-05,SOL,0
2024-06-06,SOL,0
2024-06-07,SOL,0
2024-06-08,SOL,0
2024-06-09,SOL,0
2024-06-10,SOL,0
2024-06-11,SOL,0
2024-06-12,SOL,0
2024-06-13,SOL,1
2024-06-14,SOL,0
2024-06-15,SOL,0
2024-06-16,SOL,1
2024-06-17,SOL,0
2024-06-18,SOL,1
2024-06-19,SOL,0
2024-06-20,SOL,0
2024-06-21,SOL,0
2024-06-22,SOL,0
2024-06-23,SOL,0
2024-06-24,SOL,0
2024-06-25,SOL,1
2024-06-26,SOL,0
2024-06-27,SOL,0
2024-06-28,SOL,0
2024-06-29,SOL,0
2024-06-30,SOL,1
2024-07-01,SOL,0
2024-07-02,SOL,1
2024-07-03,SOL,1
2024-07-04,SOL,0
2024-07-05,SOL,1
2024-07-06,SOL,1
2024-07-07,SOL,0
2024-07-08,SOL,0
2024-07-09,SOL,0
2024-07-10,SOL,0
2024-07-11,SOL,0
2024-07-12,SOL,1
2024-07-13,SOL,0
2024-07-14,SOL,0
2024-07-15,SOL,1
2024-07-16,SOL,0
2024-07-17,SOL,0
2024-07-18,SOL,0
2024-07-19,SOL,0
2024-07-20,SOL,1
2024-07-21,SOL,1
2024-07-22,SOL,0
2024-07-23,SOL,1
2024-07-24,SOL,1
2024-07-25,SOL,0
2024-07-26,SOL,0
2024-07-27,SOL,0
2024-07-28,SOL,0
2024-07-29,SOL,0
2024-07-30,SOL,1
2024-07-31,SOL,0
2024-08-01,SOL,1
2024-08-02,SOL,0
2024-08-03,SOL,0
2024-08-04,SOL,0
2024-08-05,SOL,0
2024-08-06,SOL,0
2024-08-07,SOL,0
2024-08-08,SOL,0
2024-08-09,SOL,0
2024-08-10,SOL,0
2024-08-11,SOL,0
2024-08-12,SOL,0
2024-08-13,SOL,0
2024-08-14,SOL,0
2024-08-15,SOL,0
2024-08-16,SOL,0
2024-08-17,SOL,0
2024-08-18,SOL,0
2024-08-19,SOL,0
2024-08-20,SOL,0
2024-08-21,SOL,0
2024-08-22,SOL,0
2024-08-23,SOL,0
2024-08-24,SOL,0
2024-08-25,SOL,0
2024-08-26,SOL,0
2024-08-27,SOL,0
2024-08-28,SOL,0
2024-08-29,SOL,1
2024-08-30,SOL,0
2024-08-31,SOL,0
2024-09-01,SOL,0
2024-09-02,SOL,0
2024-09-03,SOL,0
2024-09-04,SOL,0
2024-09-05,SOL,0
2024-09-06,SOL,0
2024-09-07,SOL,0
2024-09-08,SOL,0
2024-09-09,SOL,0
2024-09-10,SOL,0
2024-09-11,SOL,0
2024-09-12,SOL,0
2024-09-13,SOL,0
2024-09-14,SOL,0
2024-09-15,SOL,0
2024-09-16,SOL,1
2024-09-17,SOL,0
2024-09-18,SOL,0
2024-09-19,SOL,0
2024-09-20,SOL,0
2024-09-21,SOL,0
2024-09-22,SOL,0
2024-09-23,SOL,0
2024-09-24,SOL,0
2024-09-25,SOL,0
2024-09-26,SOL,0
2022-01-21,XRP,1
2022-01-22,XRP,1
2022-01-23,XRP,1
2022-01-24,XRP,0
2022-01-25,XRP,1
2022-01-26,XRP,0
2022-01-27,XRP,0
2022-01-28,XRP,0
2022-01-29,XRP,0
2022-01-30,XRP,0
2022-01-31,XRP,1
2022-02-01,XRP,1
2022-02-02,XRP,1
2022-02-03,XRP,1
2022-02-04,XRP,1
2022-02-05,XRP,1
2022-02-06,XRP,1
2022-02-07,XRP,1
2022-02-08,XRP,1
2022-02-09,XRP,0
2022-02-10,XRP,1
2022-02-11,XRP,0
2022-02-12,XRP,1
2022-02-13,XRP,0
2022-02-14,XRP,1
2022-02-15,XRP,1
2022-02-16,XRP,0
2022-02-17,XRP,0
2022-02-18,XRP,1
2022-02-19,XRP,1
2022-02-20,XRP,1
2022-02-21,XRP,1
2022-02-22,XRP,0
2022-02-23,XRP,1
2022-02-24,XRP,1
2022-02-25,XRP,0
2022-02-26,XRP,0
2022-02-27,XRP,0
2022-02-28,XRP,1
2022-03-01,XRP,0
2022-03-02,XRP,0
2022-03-03,XRP,0
2022-03-04,XRP,0
2022-03-05,XRP,0
2022-03-06,XRP,1
2022-03-07,XRP,1
2022-03-08,XRP,1
2022-03-09,XRP,0
2022-03-10,XRP,0
2022-03-11,XRP,0
2022-03-12,XRP,1
2022-03-13,XRP,1
2022-03-14,XRP,1
2022-03-15,XRP,0
2022-03-16,XRP,0
2022-03-17,XRP,1
2022-03-18,XRP,1
2022-03-19,XRP,1
2022-03-20,XRP,1
2022-03-21,XRP,0
2022-03-22,XRP,0
2022-03-23,XRP,1
2022-03-24,XRP,1
2022-03-25,XRP,0
2022-03-26,XRP,1
2022-03-27,XRP,1
2022-03-28,XRP,1
2022-03-29,XRP,1
2022-03-30,XRP,1
2022-03-31,XRP,1
2022-04-01,XRP,1
2022-04-02,XRP,1
2022-04-03,XRP,1
2022-04-04,XRP,1
2022-04-05,XRP,1
2022-04-06,XRP,1
2022-04-07,XRP,1
2022-04-08,XRP,1
2022-04-09,XRP,1
2022-04-10,XRP,1
2022-04-11,XRP,1
2022-04-12,XRP,1
2022-04-13,XRP,1
2022-04-14,XRP,1
2022-04-15,XRP,0
2022-04-16,XRP,1
2022-04-17,XRP,0
2022-04-18,XRP,0
2022-04-19,XRP,1
2022-04-20,XRP,0
2022-04-21,XRP,1
2022-04-22,XRP,1
2022-04-23,XRP,1
2022-04-24,XRP,0
2022-04-25,XRP,1
2022-04-26,XRP,0
2022-04-27,XRP,1
2022-04-28,XRP,0
2022-04-29,XRP,1
2022-04-30,XRP,1
2022-05-01,XRP,1
2022-05-02,XRP,1
2022-05-03,XRP,0
2022-05-04,XRP,1
2022-05-05,XRP,0
2022-05-06,XRP,0
2022-05-07,XRP,0
2022-05-08,XRP,0
2022-05-09,XRP,1
2022-05-10,XRP,1
2022-05-11,XRP,0
2022-05-12,XRP,1
2022-05-13,XRP,1
2022-05-14,XRP,1
2022-05-15,XRP,1
2022-05-16,XRP,1
2022-05-17,XRP,1
2022-05-18,XRP,1
2022-05-19,XRP,0
2022-05-20,XRP,1
2022-05-21,XRP,0
2022-05-22,XRP,1
2022-05-23,XRP,1
2022-05-24,XRP,1
2022-05-25,XRP,1
2022-05-26,XRP,1
2022-05-27,XRP,1
2022-05-28,XRP,1
2022-05-29,XRP,1
2022-05-30,XRP,1
2022-05-31,XRP,1
2022-06-01,XRP,1
2022-06-02,XRP,1
2022-06-03,XRP,1
2022-06-04,XRP,1
2022-06-05,XRP,1
2022-06-06,XRP,1
2022-06-07,XRP,1
2022-06-08,XRP,1
2022-06-09,XRP,0
2022-06-10,XRP,1
2022-06-11,XRP,1
2022-06-12,XRP,1
2022-06-13,XRP,1
2022-06-14,XRP,1
2022-06-15,XRP,1
2022-06-16,XRP,1
2022-06-17,XRP,1
2022-06-18,XRP,1
2022-06-19,XRP,1
2022-06-20,XRP,1
2022-06-21,XRP,0
2022-06-22,XRP,0
2022-06-23,XRP,1
2022-06-24,XRP,1
2022-06-25,XRP,0
2022-06-26,XRP,0
2022-06-27,XRP,0
2022-06-28,XRP,0
2022-06-29,XRP,0
2022-06-30,XRP,1
2022-07-01,XRP,1
2022-07-02,XRP,1
2022-07-03,XRP,0
2022-07-04,XRP,1
2022-07-05,XRP,1
2022-07-06,XRP,1
2022-07-07,XRP,0
2022-07-08,XRP,1
2022-07-09,XRP,1
2022-07-10,XRP,0
2022-07-11,XRP,1
2022-07-12,XRP,1
2022-07-13,XRP,1
2022-07-14,XRP,1
2022-07-15,XRP,1
2022-07-16,XRP,1
2022-07-17,XRP,1
2022-07-18,XRP,1
2022-07-19,XRP,1
2022-07-20,XRP,1
2022-07-21,XRP,1
2022-07-22,XRP,1
2022-07-23,XRP,1
2022-07-24,XRP,1
2022-07-25,XRP,1
2022-07-26,XRP,1
2022-07-27,XRP,1
2022-07-28,XRP,1
2022-07-29,XRP,1
2022-07-30,XRP,0
2022-07-31,XRP,0
2022-08-01,XRP,1
2022-08-02,XRP,1
2022-08-03,XRP,1
2022-08-04,XRP,0
2022-08-05,XRP,1
2022-08-06,XRP,0
2022-08-07,XRP,1
2022-08-08,XRP,0
2022-08-09,XRP,0
2022-08-10,XRP,0
2022-08-11,XRP,0
2022-08-12,XRP,1
2022-08-13,XRP,1
2022-08-14,XRP,1
2022-08-15,XRP,1
2022-08-16,XRP,1
2022-08-17,XRP,1
2022-08-18,XRP,1
2022-08-19,XRP,1
2022-08-20,XRP,1
2022-08-21,XRP,1
2022-08-22,XRP,1
2022-08-23,XRP,1
2022-08-24,XRP,1
2022-08-25,XRP,1
2022-08-26,XRP,1
2022-08-27,XRP,1
2022-08-28,XRP,1
2022-08-29,XRP,1
2022-08-30,XRP,1
2022-08-31,XRP,1
2022-09-01,XRP,1
2022-09-02,XRP,1
2022-09-03,XRP,1
2022-09-04,XRP,1
2022-09-05,XRP,1
2022-09-06,XRP,1
2022-09-07,XRP,0
2022-09-08,XRP,1
2022-09-09,XRP,0
2022-09-10,XRP,1
2022-09-11,XRP,1
2022-09-12,XRP,1
2022-09-13,XRP,1
2022-09-14,XRP,1
2022-09-15,XRP,1
2022-09-16,XRP,1
2022-09-17,XRP,0
2022-09-18,XRP,1
2022-09-19,XRP,0
2022-09-20,XRP,1
2022-09-21,XRP,0
2022-09-22,XRP,1
2022-09-23,XRP,1
2022-09-24,XRP,1
2022-09-25,XRP,1
2022-09-26,XRP,1
2022-09-27,XRP,0
2022-09-28,XRP,0
2022-09-29,XRP,0
2022-09-30,XRP,1
2022-10-01,XRP,1
2022-10-02,XRP,1
2022-10-03,XRP,1
2022-10-04,XRP,1
2022-10-05,XRP,1
2022-10-06,XRP,1
2022-10-07,XRP,1
2022-10-08,XRP,1
2022-10-09,XRP,1
2022-10-10,XRP,1
2022-10-11,XRP,1
2022-10-12,XRP,1
2022-10-13,XRP,1
2022-10-14,XRP,1
2022-10-15,XRP,0
2022-10-16,XRP,1
2022-10-17,XRP,1
2022-10-18,XRP,0
2022-10-19,XRP,0
2022-10-20,XRP,0
2022-10-21,XRP,1
2022-10-22,XRP,0
2022-10-23,XRP,0
2022-10-24,XRP,0
2022-10-25,XRP,0
2022-10-26,XRP,1
2022-10-27,XRP,1
2022-10-28,XRP,0
2022-10-29,XRP,1
2022-10-30,XRP,0
2022-10-31,XRP,0
2022-11-01,XRP,1
2022-11-02,XRP,1
2022-11-03,XRP,0
2022-11-04,XRP,0
2022-11-05,XRP,1
2022-11-06,XRP,0
2022-11-07,XRP,0
2022-11-08,XRP,0
2022-11-09,XRP,1
2022-11-10,XRP,1
2022-11-11,XRP,1
2022-11-12,XRP,1
2022-11-13,XRP,1
2022-11-14,XRP,1
2022-11-15,XRP,1
2022-11-16,XRP,0
2022-11-17,XRP,0
2022-11-18,XRP,0
2022-11-19,XRP,0
2022-11-20,XRP,0
2022-11-21,XRP,0
2022-11-22,XRP,1
2022-11-23,XRP,1
2022-11-24,XRP,1
2022-11-25,XRP,1
2022-11-26,XRP,1
2022-11-27,XRP,0
2022-11-28,XRP,1
2022-11-29,XRP,1
2022-11-30,XRP,1
2022-12-01,XRP,1
2022-12-02,XRP,1
2022-12-03,XRP,1
2022-12-04,XRP,0
2022-12-05,XRP,0
2022-12-06,XRP,1
2022-12-07,XRP,1
2022-12-08,XRP,0
2022-12-09,XRP,0
2022-12-10,XRP,0
2022-12-11,XRP,0
2022-12-12,XRP,0
2022-12-13,XRP,0
2022-12-14,XRP,1
2022-12-15,XRP,0
2022-12-16,XRP,0
2022-12-17,XRP,0
2022-12-18,XRP,0
2022-12-19,XRP,0
2022-12-20,XRP,0
2022-12-21,XRP,0
2022-12-22,XRP,1
2022-12-23,XRP,0
2022-12-24,XRP,0
2022-12-25,XRP,1
2022-12-26,XRP,1
2022-12-27,XRP,1
2022-12-28,XRP,0
2022-12-29,XRP,0
2022-12-30,XRP,0
2022-12-31,XRP,1
2023-01-01,XRP,1
2023-01-02,XRP,0
2023-01-03,XRP,0
2023-01-04,XRP,1
2023-01-05,XRP,1
2023-01-06,XRP,0
2023-01-07,XRP,1
2023-01-08,XRP,1
2023-01-09,XRP,1
2023-01-10,XRP,0
2023-01-11,XRP,0
2023-01-12,XRP,0
2023-01-13,XRP,0
2023-01-14,XRP,1
2023-01-15,XRP,0
2023-01-16,XRP,0
2023-01-17,XRP,0
2023-01-18,XRP,1
2023-01-19,XRP,1
2023-01-20,XRP,1
2023-01-21,XRP,1
2023-01-22,XRP,1
2023-01-23,XRP,0
2023-01-24,XRP,1
2023-01-25,XRP,1
2023-01-26,XRP,1
2023-01-27,XRP,0
2023-01-28,XRP,1
2023-01-29,XRP,1
2023-01-30,XRP,1
2023-01-31,XRP,1
2023-02-01,XRP,1
2023-02-02,XRP,1
2023-02-03,XRP,1
2023-02-04,XRP,1
2023-02-05,XRP,1
2023-02-06,XRP,1
2023-02-07,XRP,1
2023-02-08,XRP,1
2023-02-09,XRP,1
2023-02-10,XRP,1
2023-02-11,XRP,0
2023-02-12,XRP,1
2023-02-13,XRP,1
2023-02-14,XRP,1
2023-02-15,XRP,1
2023-02-16,XRP,1
2023-02-17,XRP,0
2023-02-18,XRP,1
2023-02-19,XRP,1
2023-02-20,XRP,0
2023-02-21,XRP,1
2023-02-22,XRP,1
2023-02-23,XRP,1
2023-02-24,XRP,1
2023-02-25,XRP,1
2023-02-26,XRP,1
2023-02-27,XRP,0
2023-02-28,XRP,0
2023-03-01,XRP,1
2023-03-02,XRP,1
2023-03-03,XRP,1
2023-03-04,XRP,1
2023-03-05,XRP,1
2023-03-06,XRP,1
2023-03-07,XRP,1
2023-03-08,XRP,0
2023-03-09,XRP,1
2023-03-10,XRP,0
2023-03-11,XRP,1
2023-03-12,XRP,1
2023-03-13,XRP,0
2023-03-14,XRP,1
2023-03-15,XRP,1
2023-03-16,XRP,0
2023-03-17,XRP,1
2023-03-18,XRP,1
2023-03-19,XRP,1
2023-03-20,XRP,1
2023-03-21,XRP,1
2023-03-22,XRP,1
2023-03-23,XRP,1
2023-03-24,XRP,0
2023-03-25,XRP,1
2023-03-26,XRP,0
2023-03-27,XRP,1
2023-03-28,XRP,1
2023-03-29,XRP,1
2023-03-30,XRP,1
2023-03-31,XRP,1
2023-04-01,XRP,1
2023-04-02,XRP,1
2023-04-03,XRP,1
2023-04-04,XRP,1
2023-04-05,XRP,1
2023-04-06,XRP,1
2023-04-07,XRP,1
2023-04-08,XRP,0
2023-04-09,XRP,1
2023-04-10,XRP,0
2023-04-11,XRP,0
2023-04-12,XRP,1
2023-04-13,XRP,0
2023-04-14,XRP,1
2023-04-15,XRP,1
2023-04-16,XRP,1
2023-04-17,XRP,0
2023-04-18,XRP,1
2023-04-19,XRP,0
2023-04-20,XRP,1
2023-04-21,XRP,1
2023-04-22,XRP,1
2023-04-23,XRP,1
2023-04-24,XRP,1
2023-04-25,XRP,1
2023-04-26,XRP,0
2023-04-27,XRP,1
2023-04-28,XRP,1
2023-04-29,XRP,1
2023-04-30,XRP,0
2023-05-01,XRP,0
2023-05-02,XRP,0
2023-05-03,XRP,0
2023-05-04,XRP,0
2023-05-05,XRP,1
2023-05-06,XRP,1
2023-05-07,XRP,0
2023-05-08,XRP,0
2023-05-09,XRP,1
2023-05-10,XRP,1
2023-05-11,XRP,1
2023-05-12,XRP,0
2023-05-13,XRP,1
2023-05-14,XRP,0
2023-05-15,XRP,0
2023-05-16,XRP,1
2023-05-17,XRP,0
2023-05-18,XRP,1
2023-05-19,XRP,0
2023-05-20,XRP,1
2023-05-21,XRP,0
2023-05-22,XRP,1
2023-05-23,XRP,0
2023-05-24,XRP,1
2023-05-25,XRP,1
2023-05-26,XRP,1
2023-05-27,XRP,0
2023-05-28,XRP,0
2023-05-29,XRP,0
2023-05-30,XRP,0
2023-05-31,XRP,1
2023-06-01,XRP,0
2023-06-02,XRP,0
2023-06-03,XRP,0
2023-06-04,XRP,1
2023-06-05,XRP,0
2023-06-06,XRP,0
2023-06-07,XRP,0
2023-06-08,XRP,0
2023-06-09,XRP,0
2023-06-10,XRP,0
2023-06-11,XRP,0
2023-06-12,XRP,0
2023-06-13,XRP,0
2023-06-14,XRP,0
2023-06-15,XRP,0
2023-06-16,XRP,1
2023-06-17,XRP,0
2023-06-18,XRP,0
2023-06-19,XRP,0
2023-06-20,XRP,0
2023-06-21,XRP,1
2023-06-22,XRP,1
2023-06-23,XRP,0
2023-06-24,XRP,0
2023-06-25,XRP,1
2023-06-26,XRP,1
2023-06-27,XRP,0
2023-06-28,XRP,0
2023-06-29,XRP,1
2023-06-30,XRP,1
2023-07-01,XRP,1
2023-07-02,XRP,1
2023-07-03,XRP,1
2023-07-04,XRP,1
2023-07-05,XRP,1
2023-07-06,XRP,0
2023-07-07,XRP,0
2023-07-08,XRP,0
2023-07-09,XRP,0
2023-07-10,XRP,1
2023-07-11,XRP,0
2023-07-12,XRP,1
2023-07-13,XRP,1
2023-07-14,XRP,1
2023-07-15,XRP,1
2023-07-16,XRP,1
2023-07-17,XRP,1
2023-07-18,XRP,1
2023-07-19,XRP,1
2023-07-20,XRP,1
2023-07-21,XRP,1
2023-07-22,XRP,0
2023-07-23,XRP,0
2023-07-24,XRP,0
2023-07-25,XRP,1
2023-07-26,XRP,0
2023-07-27,XRP,0
2023-07-28,XRP,1
2023-07-29,XRP,1
2023-07-30,XRP,1
2023-07-31,XRP,0
2023-08-01,XRP,0
2023-08-02,XRP,0
2023-08-03,XRP,1
2023-08-04,XRP,0
2023-08-05,XRP,1
2023-08-06,XRP,1
2023-08-07,XRP,0
2023-08-08,XRP,1
2023-08-09,XRP,1
2023-08-10,XRP,1
2023-08-11,XRP,0
2023-08-12,XRP,1
2023-08-13,XRP,1
2023-08-14,XRP,0
2023-08-15,XRP,1
2023-08-16,XRP,1
2023-08-17,XRP,1
2023-08-18,XRP,1
2023-08-19,XRP,1
2023-08-20,XRP,1
2023-08-21,XRP,1
2023-08-22,XRP,0
2023-08-23,XRP,0
2023-08-24,XRP,0
2023-08-25,XRP,1
2023-08-26,XRP,0
2023-08-27,XRP,1
2023-08-28,XRP,0
2023-08-29,XRP,1
2023-08-30,XRP,1
2023-08-31,XRP,0
2023-09-01,XRP,0
2023-09-02,XRP,0
2023-09-03,XRP,1
2023-09-04,XRP,0
2023-09-05,XRP,0
2023-09-06,XRP,0
2023-09-07,XRP,0
2023-09-08,XRP,0
2023-09-09,XRP,0
2023-09-10,XRP,0
2023-09-11,XRP,1
2023-09-12,XRP,1
2023-09-13,XRP,1
2023-09-14,XRP,1
2023-09-15,XRP,0
2023-09-16,XRP,0
2023-09-17,XRP,0
2023-09-18,XRP,1
2023-09-19,XRP,0
2023-09-20,XRP,0
2023-09-21,XRP,1
2023-09-22,XRP,0
2023-09-23,XRP,0
2023-09-24,XRP,0
2023-09-25,XRP,0
2023-09-26,XRP,1
2023-09-27,XRP,1
2023-09-28,XRP,1
2023-09-29,XRP,0
2023-09-30,XRP,1
2023-10-01,XRP,1
2023-10-02,XRP,1
2023-10-03,XRP,0
2023-10-04,XRP,1
2023-10-05,XRP,1
2023-10-06,XRP,1
2023-10-07,XRP,1
2023-10-08,XRP,1
2023-10-09,XRP,1
2023-10-10,XRP,1
2023-10-11,XRP,1
2023-10-12,XRP,1
2023-10-13,XRP,1
2023-10-14,XRP,1
2023-10-15,XRP,0
2023-10-16,XRP,1
2023-10-17,XRP,1
2023-10-18,XRP,1
2023-10-19,XRP,0
2023-10-20,XRP,1
2023-10-21,XRP,0
2023-10-22,XRP,1
2023-10-23,XRP,0
2023-10-24,XRP,1
2023-10-25,XRP,1
2023-10-26,XRP,0
2023-10-27,XRP,1
2023-10-28,XRP,1
2023-10-29,XRP,1
2023-10-30,XRP,1
2023-10-31,XRP,1
2023-11-01,XRP,1
2023-11-02,XRP,1
2023-11-03,XRP,1
2023-11-04,XRP,1
2023-11-05,XRP,0
2023-11-06,XRP,1
2023-11-07,XRP,0
2023-11-08,XRP,1
2023-11-09,XRP,1
2023-11-10,XRP,1
2023-11-11,XRP,1
2023-11-12,XRP,1
2023-11-13,XRP,1
2023-11-14,XRP,1
2023-11-15,XRP,0
2023-11-16,XRP,1
2023-11-17,XRP,1
2023-11-18,XRP,1
2023-11-19,XRP,1
2023-11-20,XRP,1
2023-11-21,XRP,1
2023-11-22,XRP,1
2023-11-23,XRP,0
2023-11-24,XRP,1
2023-11-25,XRP,1
2023-11-26,XRP,0
2023-11-27,XRP,1
2023-11-28,XRP,1
2023-11-29,XRP,1
2023-11-30,XRP,1
2023-12-01,XRP,1
2023-12-02,XRP,1
2023-12-03,XRP,1
2023-12-04,XRP,1
2023-12-05,XRP,1
2023-12-06,XRP,1
2023-12-07,XRP,1
2023-12-08,XRP,1
2023-12-09,XRP,1
2023-12-10,XRP,1
2023-12-11,XRP,0
2023-12-12,XRP,0
2023-12-13,XRP,0
2023-12-14,XRP,1
2023-12-15,XRP,1
2023-12-16,XRP,1
2023-12-17,XRP,0
2023-12-18,XRP,0
2023-12-19,XRP,1
2023-12-20,XRP,0
2023-12-21,XRP,1
2023-12-22,XRP,1
2023-12-23,XRP,0
2023-12-24,XRP,0
2023-12-25,XRP,0
2023-12-26,XRP,1
2023-12-27,XRP,1
2023-12-28,XRP,0
2023-12-29,XRP,0
2023-12-30,XRP,0
2023-12-31,XRP,1
2024-01-01,XRP,1
2024-01-02,XRP,0
2024-01-03,XRP,1
2024-01-04,XRP,1
2024-01-05,XRP,1
2024-01-06,XRP,0
2024-01-07,XRP,1
2024-01-08,XRP,1
2024-01-09,XRP,1
2024-01-10,XRP,1
2024-01-11,XRP,1
2024-01-12,XRP,1
2024-01-13,XRP,1
2024-01-14,XRP,1
2024-01-15,XRP,0
2024-01-16,XRP,1
2024-01-17,XRP,1
2024-01-18,XRP,1
2024-01-19,XRP,1
2024-01-20,XRP,1
2024-01-21,XRP,0
2024-01-22,XRP,0
2024-01-23,XRP,1
2024-01-24,XRP,1
2024-01-25,XRP,1
2024-01-26,XRP,0
2024-01-27,XRP,1
2024-01-28,XRP,1
2024-01-29,XRP,1
2024-01-30,XRP,1
2024-01-31,XRP,1
2024-02-01,XRP,0
2024-02-02,XRP,1
2024-02-03,XRP,1
2024-02-04,XRP,0
2024-02-05,XRP,1
2024-02-06,XRP,1
2024-02-07,XRP,1
2024-02-08,XRP,1
2024-02-09,XRP,1
2024-02-10,XRP,1
2024-02-11,XRP,1
2024-02-12,XRP,1
2024-02-13,XRP,1
2024-02-14,XRP,1
2024-02-15,XRP,1
2024-02-16,XRP,0
2024-02-17,XRP,1
2024-02-18,XRP,1
2024-02-19,XRP,1
2024-02-20,XRP,1
2024-02-21,XRP,0
2024-02-22,XRP,0
2024-02-23,XRP,1
2024-02-24,XRP,1
2024-02-25,XRP,1
2024-02-26,XRP,0
2024-02-27,XRP,0
2024-02-28,XRP,1
2024-02-29,XRP,0
2024-03-01,XRP,0
2024-03-02,XRP,1
2024-03-03,XRP,1
2024-03-04,XRP,0
2024-03-05,XRP,0
2024-03-06,XRP,1
2024-03-07,XRP,1
2024-03-08,XRP,0
2024-03-09,XRP,1
2024-03-10,XRP,1
2024-03-11,XRP,1
2024-03-12,XRP,1
2024-03-13,XRP,0
2024-03-14,XRP,1
2024-03-15,XRP,1
2024-03-16,XRP,1
2024-03-17,XRP,0
2024-03-18,XRP,1
2024-03-19,XRP,1
2024-03-20,XRP,1
2024-03-21,XRP,1
2024-03-22,XRP,0
2024-03-23,XRP,1
2024-03-24,XRP,1
2024-03-25,XRP,0
2024-03-26,XRP,1
2024-03-27,XRP,1
2024-03-28,XRP,1
2024-03-29,XRP,0
2024-03-30,XRP,1
2024-03-31,XRP,0
2024-04-01,XRP,1
2024-04-02,XRP,1
2024-04-03,XRP,0
2024-04-04,XRP,1
2024-04-05,XRP,1
2024-04-06,XRP,1
2024-04-07,XRP,1
2024-04-08,XRP,1
2024-04-09,XRP,1
2024-04-10,XRP,1
2024-04-11,XRP,1
2024-04-12,XRP,0
2024-04-13,XRP,0
2024-04-14,XRP,0
2024-04-15,XRP,0
2024-04-16,XRP,0
2024-04-17,XRP,0
2024-04-18,XRP,1
2024-04-19,XRP,0
2024-04-20,XRP,0
2024-04-21,XRP,0
2024-04-22,XRP,0
2024-04-23,XRP,0
2024-04-24,XRP,0
2024-04-25,XRP,0
2024-04-26,XRP,1
2024-04-27,XRP,1
2024-04-28,XRP,0
2024-04-29,XRP,0
2024-04-30,XRP,1
2024-05-01,XRP,1
2024-05-02,XRP,1
2024-05-03,XRP,1
2024-05-04,XRP,0
2024-05-05,XRP,0
2024-05-06,XRP,0
2024-05-07,XRP,0
2024-05-08,XRP,1
2024-05-09,XRP,1
2024-05-10,XRP,1
2024-05-11,XRP,1
2024-05-12,XRP,1
2024-05-13,XRP,1
2024-05-14,XRP,1
2024-05-15,XRP,0
2024-05-16,XRP,0
2024-05-17,XRP,1
2024-05-18,XRP,1
2024-05-19,XRP,1
2024-05-20,XRP,1
2024-05-21,XRP,1
2024-05-22,XRP,1
2024-05-23,XRP,1
2024-05-24,XRP,1
2024-05-25,XRP,1
2024-05-26,XRP,1
2024-05-27,XRP,1
2024-05-28,XRP,1
2024-05-29,XRP,1
2024-05-30,XRP,1
2024-05-31,XRP,1
2024-06-01,XRP,0
2024-06-02,XRP,1
2024-06-03,XRP,0
2024-06-04,XRP,0
2024-06-05,XRP,1
2024-06-06,XRP,0
2024-06-07,XRP,0
2024-06-08,XRP,1
2024-06-09,XRP,0
2024-06-10,XRP,0
2024-06-11,XRP,1
2024-06-12,XRP,1
2024-06-13,XRP,0
2024-06-14,XRP,1
2024-06-15,XRP,0
2024-06-16,XRP,0
2024-06-17,XRP,1
2024-06-18,XRP,0
2024-06-19,XRP,0
2024-06-20,XRP,1
2024-06-21,XRP,0
2024-06-22,XRP,1
2024-06-23,XRP,1
2024-06-24,XRP,0
2024-06-25,XRP,0
2024-06-26,XRP,1
2024-06-27,XRP,1
2024-06-28,XRP,1
2024-06-29,XRP,1
2024-06-30,XRP,0
2024-07-01,XRP,1
2024-07-02,XRP,0
2024-07-03,XRP,0
2024-07-04,XRP,1
2024-07-05,XRP,0
2024-07-06,XRP,0
2024-07-07,XRP,1
2024-07-08,XRP,1
2024-07-09,XRP,0
2024-07-10,XRP,1
2024-07-11,XRP,1
2024-07-12,XRP,1
2024-07-13,XRP,1
2024-07-14,XRP,1
2024-07-15,XRP,1
2024-07-16,XRP,1
2024-07-17,XRP,1
2024-07-18,XRP,1
2024-07-19,XRP,1
2024-07-20,XRP,1
2024-07-21,XRP,1
2024-07-22,XRP,1
2024-07-23,XRP,1
2024-07-24,XRP,1
2024-07-25,XRP,0
2024-07-26,XRP,0
2024-07-27,XRP,0
2024-07-28,XRP,0
2024-07-29,XRP,0
2024-07-30,XRP,1
2024-07-31,XRP,0
2024-08-01,XRP,1
2024-08-02,XRP,0
2024-08-03,XRP,1
2024-08-04,XRP,0
2024-08-05,XRP,0
2024-08-06,XRP,1
2024-08-07,XRP,1
2024-08-08,XRP,1
2024-08-09,XRP,0
2024-08-10,XRP,0
2024-08-11,XRP,1
2024-08-12,XRP,1
2024-08-13,XRP,1
2024-08-14,XRP,1
2024-08-15,XRP,1
2024-08-16,XRP,1
2024-08-17,XRP,0
2024-08-18,XRP,0
2024-08-19,XRP,1
2024-08-20,XRP,0
2024-08-21,XRP,0
2024-08-22,XRP,0
2024-08-23,XRP,1
2024-08-24,XRP,0
2024-08-25,XRP,0
2024-08-26,XRP,0
2024-08-27,XRP,1
2024-08-28,XRP,1
2024-08-29,XRP,0
2024-08-30,XRP,1
2024-08-31,XRP,1
2024-09-01,XRP,1
2024-09-02,XRP,1
2024-09-03,XRP,1
2024-09-04,XRP,1
2024-09-05,XRP,0
2024-09-06,XRP,1
2024-09-07,XRP,1
2024-09-08,XRP,1
2024-09-09,XRP,1
2024-09-10,XRP,1
2024-09-11,XRP,1
2024-09-12,XRP,1
2024-09-13,XRP,1
2024-09-14,XRP,1
2024-09-15,XRP,0
2024-09-16,XRP,1
2024-09-17,XRP,1
2024-09-18,XRP,0
2024-09-19,XRP,1
2024-09-20,XRP,0
2024-09-21,XRP,0
2024-09-22,XRP,0
2024-09-23,XRP,0
2024-09-24,XRP,0
2024-09-25,XRP,1
2024-09-26,XRP,1
