timestamp,open,high,low,close,volume
2025-03-31 23:00:00,0.6586,0.6643,0.6583,0.6618,5139421.6
2025-04-01 00:00:00,0.6618,0.668,0.6599,0.6626,5694518.7
2025-04-01 01:00:00,0.6625,0.6633,0.6577,0.6602,3892829.2
2025-04-01 02:00:00,0.6601,0.6704,0.6598,0.67,3557490.2
2025-04-01 03:00:00,0.6701,0.6728,0.6666,0.6682,3264121.9
2025-04-01 04:00:00,0.6683,0.6712,0.6663,0.67,1926438.5
2025-04-01 05:00:00,0.67,0.6751,0.6684,0.6684,3441610.0
2025-04-01 06:00:00,0.6685,0.6759,0.6675,0.6739,2829877.3
2025-04-01 07:00:00,0.6739,0.6761,0.668,0.6692,4475870.8
2025-04-01 08:00:00,0.6691,0.6832,0.6683,0.6808,7160272.5
2025-04-01 09:00:00,0.6808,0.6845,0.6788,0.6819,4010175.2
2025-04-01 10:00:00,0.682,0.6824,0.6758,0.6763,4419104.2
2025-04-01 11:00:00,0.6762,0.6774,0.6704,0.6734,5495784.6
2025-04-01 12:00:00,0.6735,0.6784,0.6706,0.6739,4186256.1
2025-04-01 13:00:00,0.674,0.6827,0.6725,0.6789,5732272.5
2025-04-01 14:00:00,0.6788,0.6865,0.6669,0.6826,12862879.1
2025-04-01 15:00:00,0.6826,0.6949,0.682,0.6916,13384956.3
2025-04-01 16:00:00,0.6917,0.6938,0.6862,0.6877,5426885.2
2025-04-01 17:00:00,0.6876,0.6888,0.6824,0.6828,2157221.1
2025-04-01 18:00:00,0.6829,0.6829,0.6754,0.678,3555374.4
2025-04-01 19:00:00,0.678,0.6808,0.6754,0.6783,1760686.9
2025-04-01 20:00:00,0.6782,0.6812,0.6733,0.6806,2021098.1
2025-04-01 21:00:00,0.6807,0.6842,0.6796,0.6801,1742206.2
2025-04-01 22:00:00,0.6801,0.6828,0.6783,0.6802,1633964.9
2025-04-01 23:00:00,0.6802,0.6822,0.6756,0.677,1732427.6
2025-04-02 00:00:00,0.6771,0.6775,0.6725,0.6737,2233692.6
2025-04-02 01:00:00,0.6738,0.6752,0.6705,0.6723,2630240.3
2025-04-02 02:00:00,0.6723,0.6725,0.6644,0.6686,4762832.4
2025-04-02 03:00:00,0.6686,0.6743,0.6683,0.673,3249078.7
2025-04-02 04:00:00,0.6729,0.6766,0.6721,0.6747,1868761.5
2025-04-02 05:00:00,0.6748,0.6748,0.6638,0.6643,3424265.2
2025-04-02 06:00:00,0.6642,0.6686,0.6632,0.6635,2711511.4
2025-04-02 07:00:00,0.6635,0.6741,0.6632,0.6718,3838980.1
2025-04-02 08:00:00,0.6718,0.676,0.6681,0.6731,2864777.6
2025-04-02 09:00:00,0.673,0.6835,0.6727,0.6817,5156635.8
2025-04-02 10:00:00,0.6817,0.6845,0.6783,0.6789,4197791.5
2025-04-02 11:00:00,0.6788,0.6814,0.6765,0.6767,2350253.2
2025-04-02 12:00:00,0.6767,0.6857,0.6746,0.685,5512269.4
2025-04-02 13:00:00,0.6851,0.6906,0.6749,0.6819,7912047.2
2025-04-02 14:00:00,0.6819,0.6876,0.68,0.6865,4978150.6
2025-04-02 15:00:00,0.6865,0.6987,0.6859,0.6922,24998593.3
2025-04-02 16:00:00,0.6922,0.6966,0.6883,0.6898,5744508.5
2025-04-02 17:00:00,0.6898,0.6935,0.6811,0.6837,5372743.5
2025-04-02 18:00:00,0.6837,0.6886,0.6826,0.6856,1714707.8
2025-04-02 19:00:00,0.6856,0.6911,0.6844,0.6897,2124274.6
2025-04-02 20:00:00,0.6898,0.7098,0.6723,0.6803,35807559.4
2025-04-02 21:00:00,0.6803,0.6808,0.6637,0.6726,8526903.6
2025-04-02 22:00:00,0.6725,0.6725,0.6354,0.6399,16781632.3
2025-04-02 23:00:00,0.6398,0.6447,0.6348,0.64,9384158.1
2025-04-03 00:00:00,0.64,0.6515,0.6355,0.6505,11323137.9
2025-04-03 01:00:00,0.6506,0.6559,0.6485,0.6538,5094815.4
2025-04-03 02:00:00,0.6538,0.6576,0.6504,0.656,2690326.4
2025-04-03 03:00:00,0.6559,0.6564,0.6503,0.6518,2382402.1
2025-04-03 04:00:00,0.6519,0.6567,0.65,0.6559,1971486.5
2025-04-03 05:00:00,0.656,0.657,0.6503,0.6504,1607907.6
2025-04-03 06:00:00,0.6504,0.6519,0.6457,0.6465,2928272.7
2025-04-03 07:00:00,0.6466,0.6502,0.6437,0.6494,4232626.8
2025-04-03 08:00:00,0.6493,0.6543,0.6492,0.6526,2977026.7
2025-04-03 09:00:00,0.6526,0.654,0.647,0.6479,3355733.3
2025-04-03 10:00:00,0.6478,0.6501,0.64,0.6403,5000100.4
2025-04-03 11:00:00,0.6403,0.6449,0.6379,0.6431,3533166.3
2025-04-03 12:00:00,0.6432,0.6442,0.6206,0.6217,12286043.1
2025-04-03 13:00:00,0.6217,0.6335,0.618,0.6295,11257027.0
2025-04-03 14:00:00,0.6294,0.6295,0.613,0.6147,11702810.9
2025-04-03 15:00:00,0.6146,0.6296,0.6143,0.6283,8073628.9
2025-04-03 16:00:00,0.6284,0.6328,0.6256,0.6268,5160613.0
2025-04-03 17:00:00,0.6268,0.6319,0.6257,0.6317,2489253.6
2025-04-03 18:00:00,0.6317,0.6409,0.6282,0.6387,2843807.9
2025-04-03 19:00:00,0.6388,0.6434,0.6373,0.6382,3365352.1
2025-04-03 20:00:00,0.6383,0.6476,0.6375,0.646,3312052.0
2025-04-03 21:00:00,0.646,0.6528,0.6455,0.6509,2285011.1
2025-04-03 22:00:00,0.6508,0.6517,0.6465,0.6491,2357416.1
2025-04-03 23:00:00,0.649,0.6525,0.6451,0.6508,1989056.0
2025-04-04 00:00:00,0.6509,0.6534,0.6468,0.6474,3013189.8
2025-04-04 01:00:00,0.6475,0.6521,0.6424,0.6439,2044674.4
2025-04-04 02:00:00,0.6439,0.6528,0.6439,0.6495,1500327.9
2025-04-04 03:00:00,0.6496,0.652,0.6465,0.6517,1660973.0
2025-04-04 04:00:00,0.6518,0.6527,0.6459,0.6478,1957523.4
2025-04-04 05:00:00,0.6478,0.6556,0.6458,0.6556,2555377.8
2025-04-04 06:00:00,0.6556,0.6567,0.6513,0.6515,1945640.9
2025-04-04 07:00:00,0.6516,0.6636,0.6516,0.663,5590324.0
2025-04-04 08:00:00,0.663,0.6665,0.659,0.6596,5854714.0
2025-04-04 09:00:00,0.6596,0.6618,0.6575,0.6605,4966240.8
2025-04-04 10:00:00,0.6606,0.6617,0.6404,0.6411,10009786.9
2025-04-04 11:00:00,0.6411,0.643,0.6275,0.6361,9334969.3
2025-04-04 12:00:00,0.636,0.6418,0.6294,0.6418,9872788.5
2025-04-04 13:00:00,0.6418,0.6507,0.6309,0.6477,8538294.9
2025-04-04 14:00:00,0.6476,0.6569,0.6405,0.6542,10402437.6
2025-04-04 15:00:00,0.6542,0.6717,0.6537,0.6568,20509760.6
2025-04-04 16:00:00,0.6568,0.6612,0.6506,0.6571,6298926.3
2025-04-04 17:00:00,0.657,0.6668,0.6532,0.6651,5242772.0
2025-04-04 18:00:00,0.6651,0.666,0.658,0.6587,2990624.4
2025-04-04 19:00:00,0.6587,0.6642,0.6572,0.6608,2460388.0
2025-04-04 20:00:00,0.6608,0.6632,0.6561,0.6623,2326365.5
2025-04-04 21:00:00,0.6623,0.6686,0.6607,0.6631,3146375.6
2025-04-04 22:00:00,0.6632,0.6672,0.6621,0.6622,1877340.3
2025-04-04 23:00:00,0.6621,0.6627,0.6587,0.6603,2346217.6
2025-04-05 00:00:00,0.6603,0.6647,0.6581,0.6643,2576473.1
2025-04-05 01:00:00,0.6643,0.6675,0.6623,0.6624,1851465.6
2025-04-05 02:00:00,0.6624,0.6636,0.6603,0.6617,1203143.9
2025-04-05 03:00:00,0.6618,0.662,0.6575,0.6576,1508106.5
2025-04-05 04:00:00,0.6576,0.6602,0.6555,0.6562,1868738.7
2025-04-05 05:00:00,0.6562,0.6587,0.6555,0.6565,1325866.1
2025-04-05 06:00:00,0.6565,0.6585,0.6527,0.6551,1731062.9
2025-04-05 07:00:00,0.6551,0.6582,0.6533,0.6566,1405618.7
2025-04-05 08:00:00,0.6566,0.6585,0.6545,0.6581,1421940.1
2025-04-05 09:00:00,0.6582,0.663,0.6582,0.6619,1878400.2
2025-04-05 10:00:00,0.6619,0.6645,0.6599,0.6609,1651489.4
2025-04-05 11:00:00,0.6608,0.6636,0.6593,0.6611,1798208.7
2025-04-05 12:00:00,0.6612,0.6627,0.6546,0.6572,2363471.8
2025-04-05 13:00:00,0.6573,0.6579,0.6467,0.6491,4210743.3
2025-04-05 14:00:00,0.6491,0.6548,0.6488,0.6509,3252275.9
2025-04-05 15:00:00,0.6509,0.6512,0.6448,0.6478,2098583.0
2025-04-05 16:00:00,0.6477,0.6502,0.6468,0.649,1574893.2
2025-04-05 17:00:00,0.6491,0.6526,0.6471,0.6502,962679.4
2025-04-05 18:00:00,0.6502,0.6536,0.65,0.6521,800407.6
2025-04-05 19:00:00,0.6522,0.6529,0.6458,0.6467,1465504.1
2025-04-05 20:00:00,0.6467,0.6496,0.6453,0.6484,1046269.0
2025-04-05 21:00:00,0.6485,0.6505,0.6474,0.6474,1036999.8
2025-04-05 22:00:00,0.6474,0.6547,0.6473,0.6541,3156326.1
2025-04-05 23:00:00,0.6541,0.6564,0.6519,0.6547,1574251.5
2025-04-06 00:00:00,0.6547,0.6553,0.6524,0.6531,899838.2
2025-04-06 01:00:00,0.6532,0.6549,0.6502,0.6506,1368193.5
2025-04-06 02:00:00,0.6506,0.6511,0.6468,0.6476,1679114.2
2025-04-06 03:00:00,0.6477,0.6481,0.6442,0.6467,1777489.0
2025-04-06 04:00:00,0.6468,0.6469,0.6429,0.6469,2308153.8
2025-04-06 05:00:00,0.6468,0.6487,0.6453,0.6478,1617051.3
2025-04-06 06:00:00,0.6478,0.6482,0.6406,0.6406,1622369.0
2025-04-06 07:00:00,0.6407,0.641,0.6374,0.6385,3716236.3
2025-04-06 08:00:00,0.6384,0.6401,0.6364,0.6396,3884613.3
2025-04-06 09:00:00,0.6395,0.6419,0.6387,0.6398,1474236.7
2025-04-06 10:00:00,0.6397,0.6399,0.6355,0.6381,2018317.8
2025-04-06 11:00:00,0.638,0.6393,0.6357,0.6384,2460280.9
2025-04-06 12:00:00,0.6383,0.6391,0.6309,0.6315,3062399.2
2025-04-06 13:00:00,0.6315,0.6325,0.6192,0.62,10760698.4
2025-04-06 14:00:00,0.6199,0.6312,0.6186,0.631,7623976.8
2025-04-06 15:00:00,0.6309,0.6311,0.6243,0.6273,3773411.3
2025-04-06 16:00:00,0.6273,0.6283,0.6218,0.6226,4856145.7
2025-04-06 17:00:00,0.6226,0.6239,0.6086,0.609,11349223.7
2025-04-06 18:00:00,0.609,0.6094,0.5831,0.5866,28495785.4
2025-04-06 19:00:00,0.5865,0.5941,0.5826,0.5893,16314310.7
2025-04-06 20:00:00,0.5893,0.5912,0.5694,0.5728,18824765.5
2025-04-06 21:00:00,0.5728,0.5851,0.5716,0.579,7416422.6
2025-04-06 22:00:00,0.579,0.5843,0.5667,0.5698,13774117.1
2025-04-06 23:00:00,0.5698,0.5769,0.5597,0.5737,15139319.5
2025-04-07 00:00:00,0.5737,0.5756,0.564,0.5712,7853212.6
2025-04-07 01:00:00,0.5712,0.5863,0.5712,0.5803,10596265.0
2025-04-07 02:00:00,0.5802,0.5815,0.5716,0.5723,4528061.6
2025-04-07 03:00:00,0.5723,0.5733,0.5481,0.557,14596282.3
2025-04-07 04:00:00,0.5569,0.5646,0.5495,0.5551,11181623.3
2025-04-07 05:00:00,0.5551,0.5602,0.5447,0.5483,10750374.6
2025-04-07 06:00:00,0.5483,0.5551,0.511,0.5161,56951509.6
2025-04-07 07:00:00,0.5162,0.5301,0.5155,0.5204,20895581.3
2025-04-07 08:00:00,0.5203,0.5498,0.5189,0.5457,23798603.9
2025-04-07 09:00:00,0.5457,0.5556,0.5377,0.5448,14246085.9
2025-04-07 10:00:00,0.5448,0.5603,0.5444,0.5511,12381534.4
2025-04-07 11:00:00,0.551,0.5572,0.5408,0.5423,9521939.3
2025-04-07 12:00:00,0.5423,0.5587,0.5384,0.5502,19860846.6
2025-04-07 13:00:00,0.5501,0.573,0.5351,0.5683,36510154.0
2025-04-07 14:00:00,0.5682,0.6055,0.5639,0.5793,79991523.3
2025-04-07 15:00:00,0.5793,0.5849,0.5648,0.574,23846768.4
2025-04-07 16:00:00,0.5739,0.5747,0.5595,0.5622,10624695.8
2025-04-07 17:00:00,0.5622,0.5847,0.5621,0.5822,13268263.2
2025-04-07 18:00:00,0.5823,0.5847,0.5758,0.5765,7724793.6
2025-04-07 19:00:00,0.5766,0.5833,0.5738,0.577,9604784.2
2025-04-07 20:00:00,0.5769,0.5925,0.5769,0.5885,6470485.4
2025-04-07 21:00:00,0.5884,0.5926,0.5812,0.5875,5793901.0
2025-04-07 22:00:00,0.5876,0.595,0.5864,0.5916,3981101.8
2025-04-07 23:00:00,0.5915,0.5931,0.5832,0.5864,4091596.8
2025-04-08 00:00:00,0.5863,0.592,0.5811,0.5818,4613635.0
2025-04-08 01:00:00,0.5818,0.6016,0.5797,0.5983,6006252.2
2025-04-08 02:00:00,0.5983,0.6048,0.5964,0.5973,5133665.8
2025-04-08 03:00:00,0.5973,0.5998,0.5921,0.5932,2717799.1
2025-04-08 04:00:00,0.5932,0.5988,0.5904,0.5987,3886404.4
2025-04-08 05:00:00,0.5986,0.5994,0.5891,0.5903,4483214.5
2025-04-08 06:00:00,0.5904,0.5913,0.5826,0.5833,7155932.9
2025-04-08 07:00:00,0.5833,0.5856,0.5803,0.5851,4100538.4
2025-04-08 08:00:00,0.5852,0.5853,0.5774,0.5819,5297071.3
2025-04-08 09:00:00,0.5819,0.5889,0.5795,0.5832,3827840.2
2025-04-08 10:00:00,0.5831,0.5903,0.5822,0.588,2784233.1
2025-04-08 11:00:00,0.588,0.6076,0.5861,0.6057,12962493.0
2025-04-08 12:00:00,0.6058,0.6113,0.598,0.602,36797923.9
2025-04-08 13:00:00,0.602,0.6176,0.6006,0.6123,21868038.9
2025-04-08 14:00:00,0.6123,0.6201,0.5957,0.5959,16466146.4
2025-04-08 15:00:00,0.596,0.6005,0.5904,0.5926,9247832.4
2025-04-08 16:00:00,0.5925,0.5941,0.5712,0.5741,11043419.3
2025-04-08 17:00:00,0.5741,0.5778,0.561,0.5739,16160463.3
2025-04-08 18:00:00,0.5739,0.5826,0.569,0.5719,19015577.4
2025-04-08 19:00:00,0.572,0.574,0.5575,0.5602,26737028.6
2025-04-08 20:00:00,0.5602,0.5672,0.5575,0.5641,5770622.5
2025-04-08 21:00:00,0.5642,0.5659,0.556,0.5637,5033931.7
2025-04-08 22:00:00,0.5636,0.5638,0.5528,0.5602,4475203.2
2025-04-08 23:00:00,0.5602,0.561,0.5545,0.5583,3392620.9
2025-04-09 00:00:00,0.5583,0.5648,0.5535,0.5564,7531151.2
2025-04-09 01:00:00,0.5565,0.5579,0.5366,0.5551,22978335.1
2025-04-09 02:00:00,0.5552,0.5627,0.5527,0.5536,9233228.0
2025-04-09 03:00:00,0.5536,0.5566,0.5483,0.5484,11827735.5
2025-04-09 04:00:00,0.5484,0.5657,0.548,0.5594,24176966.0
2025-04-09 05:00:00,0.5595,0.5698,0.5595,0.5657,6621275.2
2025-04-09 06:00:00,0.5657,0.5743,0.565,0.5664,4017385.9
2025-04-09 07:00:00,0.5664,0.5784,0.5662,0.5757,8348633.4
2025-04-09 08:00:00,0.5757,0.5778,0.5718,0.5752,3388286.5
2025-04-09 09:00:00,0.5753,0.5768,0.5681,0.5697,3826955.2
2025-04-09 10:00:00,0.5697,0.5738,0.5657,0.5709,5524721.2
2025-04-09 11:00:00,0.5709,0.571,0.5551,0.559,17460298.8
2025-04-09 12:00:00,0.559,0.5661,0.5547,0.5617,8019422.0
2025-04-09 13:00:00,0.5617,0.5759,0.5582,0.5697,16395035.9
2025-04-09 14:00:00,0.5697,0.5756,0.5653,0.5657,11019963.9
2025-04-09 15:00:00,0.5657,0.5745,0.5655,0.5701,5208766.5
2025-04-09 16:00:00,0.5701,0.5796,0.5691,0.5795,6048608.9
2025-04-09 17:00:00,0.5796,0.638,0.5739,0.6369,76841596.5
2025-04-09 18:00:00,0.6368,0.6459,0.6264,0.6266,36814722.7
2025-04-09 19:00:00,0.6267,0.6359,0.6258,0.6324,10154686.8
2025-04-09 20:00:00,0.6325,0.6414,0.6256,0.6406,12166322.4
2025-04-09 21:00:00,0.6406,0.6464,0.6358,0.6432,9455218.4
2025-04-09 22:00:00,0.6432,0.6445,0.637,0.6388,5226394.3
2025-04-09 23:00:00,0.6389,0.6403,0.6309,0.6315,5229354.3
2025-04-10 00:00:00,0.6315,0.6338,0.6192,0.6238,7825558.2
2025-04-10 01:00:00,0.6238,0.6258,0.6175,0.6214,5768492.4
2025-04-10 02:00:00,0.6213,0.6249,0.6183,0.6198,9956002.7
2025-04-10 03:00:00,0.6198,0.6203,0.6061,0.6147,7211984.8
2025-04-10 04:00:00,0.6147,0.6165,0.6081,0.6165,3892673.0
2025-04-10 05:00:00,0.6165,0.6251,0.6158,0.6238,5419737.2
2025-04-10 06:00:00,0.6238,0.6272,0.6211,0.6248,3557712.0
2025-04-10 07:00:00,0.6247,0.6275,0.616,0.62,5013115.3
2025-04-10 08:00:00,0.6201,0.6237,0.6157,0.6214,8259656.1
2025-04-10 09:00:00,0.6214,0.6272,0.6184,0.6262,4089884.1
2025-04-10 10:00:00,0.6261,0.6332,0.62,0.6247,9051148.2
2025-04-10 11:00:00,0.6247,0.6257,0.6169,0.6209,5567890.2
2025-04-10 12:00:00,0.6208,0.6313,0.6167,0.6205,12946071.2
2025-04-10 13:00:00,0.6205,0.6241,0.6105,0.6121,8752401.3
2025-04-10 14:00:00,0.6121,0.6213,0.6092,0.6127,6227738.5
2025-04-10 15:00:00,0.6127,0.6133,0.5867,0.59,16182194.1
2025-04-10 16:00:00,0.59,0.5968,0.5857,0.5929,13002288.3
2025-04-10 17:00:00,0.5929,0.5962,0.5878,0.5931,5776495.7
2025-04-10 18:00:00,0.593,0.5987,0.5915,0.5973,4220159.5
2025-04-10 19:00:00,0.5973,0.6019,0.5964,0.5987,4275992.3
2025-04-10 20:00:00,0.5986,0.6077,0.5982,0.6059,5010113.3
2025-04-10 21:00:00,0.6059,0.6098,0.6012,0.6026,2457810.2
2025-04-10 22:00:00,0.6027,0.6091,0.6012,0.6069,2803188.2
2025-04-10 23:00:00,0.6068,0.6117,0.6047,0.6094,2331460.2
2025-04-11 00:00:00,0.6094,0.6131,0.6059,0.6068,4025415.8
2025-04-11 01:00:00,0.6069,0.6223,0.6065,0.6212,7089594.9
2025-04-11 02:00:00,0.6212,0.6267,0.6175,0.6187,4563530.2
2025-04-11 03:00:00,0.6187,0.624,0.6187,0.6236,3876145.9
2025-04-11 04:00:00,0.6235,0.6275,0.6221,0.6258,4052903.4
2025-04-11 05:00:00,0.6259,0.6297,0.6219,0.6289,4139553.9
2025-04-11 06:00:00,0.6289,0.6366,0.628,0.6294,9761182.3
2025-04-11 07:00:00,0.6295,0.6319,0.6262,0.6275,3344704.1
2025-04-11 08:00:00,0.6276,0.6331,0.6214,0.6264,12464330.0
2025-04-11 09:00:00,0.6264,0.6336,0.6235,0.6324,5714005.5
2025-04-11 10:00:00,0.6323,0.645,0.6286,0.633,19131426.8
2025-04-11 11:00:00,0.633,0.6337,0.622,0.6232,16964027.5
2025-04-11 12:00:00,0.6232,0.6276,0.6208,0.6234,4938515.3
2025-04-11 13:00:00,0.6233,0.6323,0.6188,0.6262,10092122.4
2025-04-11 14:00:00,0.6261,0.6261,0.6149,0.6188,8841923.4
2025-04-11 15:00:00,0.6188,0.6228,0.6164,0.6214,5891562.2
2025-04-11 16:00:00,0.6215,0.6257,0.617,0.622,3430256.8
2025-04-11 17:00:00,0.6221,0.6327,0.6206,0.6307,7651497.4
2025-04-11 18:00:00,0.6308,0.6334,0.6269,0.6271,4652743.2
2025-04-11 19:00:00,0.6271,0.6307,0.6268,0.6279,2089941.1
2025-04-11 20:00:00,0.6279,0.631,0.6255,0.6297,2839932.1
2025-04-11 21:00:00,0.6297,0.6338,0.6265,0.628,2422129.6
2025-04-11 22:00:00,0.628,0.629,0.6259,0.6261,2348720.5
2025-04-11 23:00:00,0.626,0.626,0.6222,0.6239,2401200.5
2025-04-12 00:00:00,0.6239,0.6254,0.6216,0.622,2278272.0
2025-04-12 01:00:00,0.622,0.6229,0.6196,0.621,1643440.2
2025-04-12 02:00:00,0.6209,0.6219,0.6173,0.6174,2301335.3
2025-04-12 03:00:00,0.6173,0.6228,0.617,0.6219,1661751.9
2025-04-12 04:00:00,0.6219,0.6305,0.6217,0.6264,3139645.7
2025-04-12 05:00:00,0.6265,0.6295,0.6249,0.6289,2241039.9
2025-04-12 06:00:00,0.6289,0.6356,0.6289,0.6332,4574544.5
2025-04-12 07:00:00,0.6332,0.636,0.6319,0.6327,3676103.4
2025-04-12 08:00:00,0.6327,0.6399,0.6298,0.6306,6311295.0
2025-04-12 09:00:00,0.6306,0.6347,0.6296,0.6338,2876419.2
2025-04-12 10:00:00,0.6338,0.6361,0.6313,0.6342,3775966.5
2025-04-12 11:00:00,0.6342,0.6412,0.6342,0.6369,4772294.8
2025-04-12 12:00:00,0.6369,0.6402,0.6354,0.6382,2987553.7
2025-04-12 13:00:00,0.6382,0.6578,0.6378,0.6539,13621929.9
2025-04-12 14:00:00,0.654,0.6675,0.6526,0.6602,15581786.6
2025-04-12 15:00:00,0.6602,0.6668,0.6564,0.66,7968137.7
2025-04-12 16:00:00,0.66,0.6641,0.6525,0.6546,6960610.1
2025-04-12 17:00:00,0.6546,0.6554,0.647,0.6488,6896285.4
2025-04-12 18:00:00,0.6489,0.6567,0.6475,0.6561,4338586.2
2025-04-12 19:00:00,0.6561,0.6563,0.6516,0.6547,3501167.8
2025-04-12 20:00:00,0.6547,0.6628,0.6539,0.6582,3314941.5
2025-04-12 21:00:00,0.6581,0.6605,0.6561,0.6567,3191146.7
2025-04-12 22:00:00,0.6567,0.6636,0.6567,0.6629,2301025.3
2025-04-12 23:00:00,0.6629,0.6653,0.657,0.6595,5959141.0
2025-04-13 00:00:00,0.6596,0.6635,0.6549,0.6605,3576905.7
2025-04-13 01:00:00,0.6605,0.6615,0.6512,0.6526,4655988.6
2025-04-13 02:00:00,0.6527,0.6545,0.6473,0.6521,3042308.8
2025-04-13 03:00:00,0.6521,0.6533,0.6474,0.651,3179366.5
2025-04-13 04:00:00,0.651,0.6512,0.6436,0.6445,3475074.2
2025-04-13 05:00:00,0.6445,0.6457,0.6411,0.6445,4172585.2
2025-04-13 06:00:00,0.6445,0.6486,0.6442,0.6452,2520043.1
2025-04-13 07:00:00,0.6451,0.6472,0.6431,0.6436,1265181.4
2025-04-13 08:00:00,0.6437,0.6482,0.6406,0.6475,2515984.9
2025-04-13 09:00:00,0.6476,0.667,0.647,0.666,6898285.9
2025-04-13 10:00:00,0.666,0.6687,0.6521,0.6591,7248537.3
2025-04-13 11:00:00,0.6591,0.6605,0.6482,0.6517,4889290.4
2025-04-13 12:00:00,0.6517,0.6549,0.6469,0.6503,4673736.4
2025-04-13 13:00:00,0.6503,0.6522,0.637,0.6396,5644347.0
2025-04-13 14:00:00,0.6397,0.6453,0.6377,0.6439,4486536.3
2025-04-13 15:00:00,0.644,0.6443,0.6391,0.6442,3336708.4
2025-04-13 16:00:00,0.6441,0.6508,0.644,0.6494,3156218.9
2025-04-13 17:00:00,0.6494,0.6609,0.6479,0.6581,6255333.6
2025-04-13 18:00:00,0.6581,0.662,0.6552,0.6568,3532396.0
2025-04-13 19:00:00,0.6568,0.6573,0.6322,0.6416,10080841.4
2025-04-13 20:00:00,0.6416,0.6482,0.6364,0.6376,4187019.9
2025-04-13 21:00:00,0.6375,0.6408,0.6301,0.6387,3990873.9
2025-04-13 22:00:00,0.6388,0.6421,0.6308,0.6329,4115012.4
2025-04-13 23:00:00,0.6328,0.6394,0.6308,0.6383,3512140.4
2025-04-14 00:00:00,0.6383,0.6512,0.6357,0.6423,6812938.6
2025-04-14 01:00:00,0.6423,0.6436,0.6364,0.6388,4082667.7
2025-04-14 02:00:00,0.6389,0.6575,0.6365,0.6476,5896368.7
2025-04-14 03:00:00,0.6475,0.6483,0.6421,0.6435,2758951.8
2025-04-14 04:00:00,0.6435,0.6533,0.6429,0.651,6111434.1
2025-04-14 05:00:00,0.651,0.653,0.6425,0.6455,2412257.3
2025-04-14 06:00:00,0.6454,0.6456,0.6387,0.6392,2380386.1
2025-04-14 07:00:00,0.6392,0.6418,0.634,0.6417,4481653.1
2025-04-14 08:00:00,0.6418,0.6466,0.6397,0.6424,2525300.9
2025-04-14 09:00:00,0.6425,0.6434,0.6351,0.6388,3093670.6
2025-04-14 10:00:00,0.6387,0.6498,0.6387,0.6481,10446784.9
2025-04-14 11:00:00,0.6482,0.6506,0.6458,0.6497,5247839.7
2025-04-14 12:00:00,0.6498,0.6538,0.6481,0.6524,3628166.8
2025-04-14 13:00:00,0.6525,0.6548,0.6396,0.643,5770321.9
2025-04-14 14:00:00,0.643,0.6571,0.6413,0.6524,8543959.8
2025-04-14 15:00:00,0.6524,0.6532,0.6307,0.6334,12927337.3
2025-04-14 16:00:00,0.6333,0.638,0.6277,0.6335,12267224.8
2025-04-14 17:00:00,0.6334,0.6412,0.6332,0.6401,4542592.1
2025-04-14 18:00:00,0.6402,0.6434,0.6355,0.6393,2608126.5
2025-04-14 19:00:00,0.6392,0.6436,0.6382,0.6401,2978437.5
2025-04-14 20:00:00,0.6402,0.6407,0.6334,0.635,2241352.7
2025-04-14 21:00:00,0.6351,0.6381,0.6306,0.636,2926834.1
2025-04-14 22:00:00,0.6361,0.6375,0.6328,0.6333,1676430.2
2025-04-14 23:00:00,0.6333,0.6376,0.6328,0.6353,1338736.3
2025-04-15 00:00:00,0.6353,0.6377,0.6313,0.637,2291985.7
2025-04-15 01:00:00,0.6369,0.6403,0.6314,0.639,2122755.0
2025-04-15 02:00:00,0.639,0.6414,0.632,0.6376,2237983.5
2025-04-15 03:00:00,0.6377,0.6454,0.6356,0.6446,13620369.8
2025-04-15 04:00:00,0.6445,0.6457,0.6405,0.644,2778473.1
2025-04-15 05:00:00,0.6439,0.6457,0.6403,0.6417,6003738.3
2025-04-15 06:00:00,0.6417,0.6435,0.6389,0.6393,1971066.9
2025-04-15 07:00:00,0.6393,0.6457,0.6393,0.6455,2351582.0
2025-04-15 08:00:00,0.6455,0.648,0.6443,0.6451,3265160.5
2025-04-15 09:00:00,0.6451,0.6486,0.6425,0.6454,4475287.8
2025-04-15 10:00:00,0.6454,0.6468,0.636,0.6385,5069592.6
2025-04-15 11:00:00,0.6386,0.6401,0.6343,0.6374,4384958.3
2025-04-15 12:00:00,0.6374,0.6404,0.6329,0.6361,4551976.5
2025-04-15 13:00:00,0.6362,0.6461,0.6334,0.6372,11488545.5
2025-04-15 14:00:00,0.6372,0.6403,0.6243,0.6282,13061895.3
2025-04-15 15:00:00,0.6282,0.6308,0.6191,0.6233,22232973.2
2025-04-15 16:00:00,0.6234,0.6261,0.621,0.6216,5666992.2
2025-04-15 17:00:00,0.6217,0.6237,0.6177,0.6191,6486423.3
2025-04-15 18:00:00,0.6192,0.6224,0.6156,0.6192,7042156.1
2025-04-15 19:00:00,0.6191,0.6206,0.6171,0.6185,3905685.8
2025-04-15 20:00:00,0.6185,0.6213,0.615,0.6175,5367796.8
2025-04-15 21:00:00,0.6175,0.6191,0.615,0.6171,3633817.9
2025-04-15 22:00:00,0.6171,0.6171,0.608,0.6107,4875569.6
2025-04-15 23:00:00,0.6106,0.6111,0.607,0.6091,5012071.1
2025-04-16 00:00:00,0.609,0.6127,0.6042,0.6083,7236120.1
2025-04-16 01:00:00,0.6082,0.6178,0.6077,0.6149,5048713.5
2025-04-16 02:00:00,0.615,0.6169,0.6117,0.614,3898811.1
2025-04-16 03:00:00,0.614,0.6165,0.6114,0.6116,2252846.4
2025-04-16 04:00:00,0.6115,0.612,0.6063,0.6097,4117929.9
2025-04-16 05:00:00,0.6098,0.6119,0.6028,0.6055,5828686.3
2025-04-16 06:00:00,0.6054,0.6087,0.6046,0.6081,2835731.7
2025-04-16 07:00:00,0.6082,0.6089,0.602,0.6035,3943537.9
2025-04-16 08:00:00,0.6035,0.6115,0.6,0.6086,6077257.9
2025-04-16 09:00:00,0.6086,0.6101,0.6021,0.6021,3421573.6
2025-04-16 10:00:00,0.6022,0.6084,0.602,0.6065,2885952.8
2025-04-16 11:00:00,0.6065,0.6078,0.6036,0.607,3047911.1
2025-04-16 12:00:00,0.607,0.6092,0.6032,0.6036,3580595.5
2025-04-16 13:00:00,0.6036,0.6084,0.6012,0.6025,5562076.9
2025-04-16 14:00:00,0.6024,0.6141,0.6022,0.6116,6577231.2
2025-04-16 15:00:00,0.6116,0.6183,0.6095,0.6099,6214368.9
2025-04-16 16:00:00,0.61,0.6132,0.6049,0.6101,4976341.3
2025-04-16 17:00:00,0.61,0.6178,0.5946,0.596,15824836.2
2025-04-16 18:00:00,0.596,0.6116,0.5958,0.6057,10657526.9
2025-04-16 19:00:00,0.6057,0.6174,0.6017,0.6151,8804660.9
2025-04-16 20:00:00,0.615,0.6245,0.6111,0.6121,6599797.0
2025-04-16 21:00:00,0.6121,0.6194,0.6104,0.6152,3846024.6
2025-04-16 22:00:00,0.6153,0.6166,0.6132,0.6155,1585367.9
2025-04-16 23:00:00,0.6156,0.6157,0.6079,0.6105,1950267.6
2025-04-17 00:00:00,0.6106,0.6131,0.6088,0.6117,1931122.4
2025-04-17 01:00:00,0.6117,0.6172,0.6095,0.6155,1785889.9
2025-04-17 02:00:00,0.6154,0.6154,0.6103,0.6135,1480171.3
2025-04-17 03:00:00,0.6135,0.6151,0.61,0.6132,2035770.1
2025-04-17 04:00:00,0.6131,0.6151,0.6106,0.6142,1241391.0
2025-04-17 05:00:00,0.6142,0.6209,0.6142,0.6189,2954335.6
2025-04-17 06:00:00,0.6189,0.6237,0.6177,0.6218,3925731.9
2025-04-17 07:00:00,0.6219,0.6239,0.6191,0.6194,2759540.0
2025-04-17 08:00:00,0.6194,0.6217,0.6158,0.6159,3221152.4
2025-04-17 09:00:00,0.6159,0.6176,0.6142,0.6165,1781498.8
2025-04-17 10:00:00,0.6164,0.6168,0.6128,0.6155,1754142.7
2025-04-17 11:00:00,0.6156,0.6195,0.6146,0.6189,1333873.9
2025-04-17 12:00:00,0.619,0.6228,0.6186,0.6219,4551469.5
2025-04-17 13:00:00,0.622,0.6221,0.6175,0.6203,3181880.9
2025-04-17 14:00:00,0.6202,0.6206,0.61,0.6137,6075659.7
2025-04-17 15:00:00,0.6138,0.6218,0.6138,0.6194,4282530.3
2025-04-17 16:00:00,0.6195,0.6291,0.6176,0.6268,7992890.8
2025-04-17 17:00:00,0.6268,0.6299,0.6258,0.6276,4625632.4
2025-04-17 18:00:00,0.6276,0.6293,0.6226,0.6227,3844801.4
2025-04-17 19:00:00,0.6227,0.624,0.6148,0.6192,3861131.6
2025-04-17 20:00:00,0.6191,0.6231,0.6191,0.6224,2112538.9
2025-04-17 21:00:00,0.6224,0.6242,0.6205,0.6209,1419063.5
2025-04-17 22:00:00,0.6208,0.6234,0.6165,0.6167,1007932.9
2025-04-17 23:00:00,0.6167,0.6199,0.6159,0.6167,982621.5
2025-04-18 00:00:00,0.6169,0.6174,0.6127,0.613,1843470.6
2025-04-18 01:00:00,0.613,0.6177,0.6119,0.6146,1945871.6
2025-04-18 02:00:00,0.6146,0.6162,0.6129,0.6135,1221289.1
2025-04-18 03:00:00,0.6134,0.6137,0.6109,0.6131,1196682.4
2025-04-18 04:00:00,0.6131,0.6149,0.6104,0.6144,1141588.0
2025-04-18 05:00:00,0.6143,0.615,0.611,0.615,1055524.6
2025-04-18 06:00:00,0.6149,0.6157,0.613,0.6148,2705167.8
2025-04-18 07:00:00,0.6149,0.616,0.6121,0.6147,1743069.4
2025-04-18 08:00:00,0.6146,0.6186,0.6135,0.6163,2082462.2
2025-04-18 09:00:00,0.6164,0.6169,0.6142,0.6154,1284834.8
2025-04-18 10:00:00,0.6154,0.6155,0.6114,0.6124,1672185.6
2025-04-18 11:00:00,0.6123,0.6165,0.612,0.6162,1923261.0
2025-04-18 12:00:00,0.6162,0.6181,0.6146,0.6172,1593280.6
2025-04-18 13:00:00,0.6171,0.6185,0.615,0.618,1178920.0
2025-04-18 14:00:00,0.6179,0.6205,0.6155,0.6173,2111429.2
2025-04-18 15:00:00,0.6173,0.618,0.6134,0.6162,3114184.9
2025-04-18 16:00:00,0.6162,0.6199,0.6156,0.6199,2463807.4
2025-04-18 17:00:00,0.6199,0.6266,0.6197,0.6261,3392016.3
2025-04-18 18:00:00,0.6262,0.6292,0.6248,0.627,3811821.5
2025-04-18 19:00:00,0.6269,0.6285,0.6253,0.6274,1910694.5
2025-04-18 20:00:00,0.6273,0.6287,0.6256,0.6281,2539948.4
2025-04-18 21:00:00,0.6281,0.6318,0.6262,0.631,6388871.8
2025-04-18 22:00:00,0.6311,0.632,0.6273,0.6276,4332621.8
2025-04-18 23:00:00,0.6277,0.6283,0.6253,0.6275,3021801.4
2025-04-19 00:00:00,0.6276,0.631,0.6275,0.6288,2293020.1
2025-04-19 01:00:00,0.6289,0.6338,0.6281,0.6303,3272087.3
2025-04-19 02:00:00,0.6303,0.6349,0.6293,0.6328,2146381.8
2025-04-19 03:00:00,0.6329,0.6345,0.6307,0.6321,2213957.1
2025-04-19 04:00:00,0.6321,0.6344,0.6314,0.6321,1893404.0
2025-04-19 05:00:00,0.6322,0.6349,0.6312,0.6313,1268836.6
2025-04-19 06:00:00,0.6313,0.6318,0.6282,0.6291,1753369.8
2025-04-19 07:00:00,0.6292,0.6319,0.6278,0.6306,1447244.4
2025-04-19 08:00:00,0.6306,0.6312,0.6289,0.631,841634.5
2025-04-19 09:00:00,0.6309,0.6324,0.6287,0.6288,1648188.4
2025-04-19 10:00:00,0.6288,0.629,0.6269,0.6277,1790602.4
2025-04-19 11:00:00,0.6276,0.6278,0.6261,0.6272,993091.4
2025-04-19 12:00:00,0.6272,0.6283,0.6264,0.6274,1479790.0
2025-04-19 13:00:00,0.6274,0.6281,0.6261,0.6277,965443.4
2025-04-19 14:00:00,0.6277,0.628,0.6237,0.6241,2043033.1
2025-04-19 15:00:00,0.6241,0.6268,0.6217,0.6223,2625683.0
2025-04-19 16:00:00,0.6223,0.6235,0.6191,0.62,2932769.6
2025-04-19 17:00:00,0.62,0.6258,0.6196,0.625,1978922.3
2025-04-19 18:00:00,0.625,0.6295,0.6249,0.6257,2918529.8
2025-04-19 19:00:00,0.6257,0.6281,0.6251,0.6275,1253212.3
2025-04-19 20:00:00,0.6274,0.6295,0.6265,0.6291,1098633.2
2025-04-19 21:00:00,0.6291,0.6317,0.6291,0.6299,1476218.7
2025-04-19 22:00:00,0.63,0.6318,0.6295,0.6303,955685.8
2025-04-19 23:00:00,0.6303,0.6315,0.6278,0.6282,1329819.8
2025-04-20 00:00:00,0.6282,0.6315,0.6282,0.6294,1709481.9
2025-04-20 01:00:00,0.6293,0.6343,0.6291,0.6343,2228078.8
2025-04-20 02:00:00,0.6342,0.6348,0.6325,0.6328,1346564.0
2025-04-20 03:00:00,0.6329,0.6333,0.6299,0.6312,1171557.2
2025-04-20 04:00:00,0.6312,0.6332,0.6294,0.6316,1283749.6
2025-04-20 05:00:00,0.6316,0.6327,0.6306,0.6307,1643297.9
2025-04-20 06:00:00,0.6307,0.6316,0.626,0.6272,2670108.8
2025-04-20 07:00:00,0.6272,0.6272,0.6224,0.6251,2827427.2
2025-04-20 08:00:00,0.6251,0.6257,0.6216,0.6225,1230719.4
2025-04-20 09:00:00,0.6225,0.6237,0.6201,0.621,1875922.4
2025-04-20 10:00:00,0.6209,0.6211,0.612,0.6135,5806174.5
2025-04-20 11:00:00,0.6134,0.6153,0.6121,0.615,2836216.7
2025-04-20 12:00:00,0.6149,0.6174,0.6138,0.6161,2637618.8
2025-04-20 13:00:00,0.6161,0.6163,0.613,0.6154,1288951.7
2025-04-20 14:00:00,0.6153,0.6182,0.6143,0.6163,2806490.0
2025-04-20 15:00:00,0.6162,0.6163,0.6106,0.6116,3349393.4
2025-04-20 16:00:00,0.6117,0.6157,0.6095,0.6156,2754726.7
2025-04-20 17:00:00,0.6157,0.6168,0.6135,0.6159,1474759.2
2025-04-20 18:00:00,0.6158,0.6173,0.6141,0.6161,1079559.5
2025-04-20 19:00:00,0.6162,0.6195,0.6146,0.6194,1462959.7
2025-04-20 20:00:00,0.6194,0.626,0.6187,0.6212,2919988.2
2025-04-20 21:00:00,0.6211,0.6221,0.6194,0.6209,931338.3
2025-04-20 22:00:00,0.6208,0.6209,0.6155,0.6186,1553866.1
2025-04-20 23:00:00,0.6186,0.6222,0.6185,0.6202,1357885.4
2025-04-21 00:00:00,0.6203,0.64,0.6201,0.6337,9772263.4
2025-04-21 01:00:00,0.6338,0.6399,0.6329,0.6389,5863576.7
2025-04-21 02:00:00,0.6388,0.6409,0.6344,0.6367,5181241.7
2025-04-21 03:00:00,0.6367,0.6393,0.6353,0.6369,3813860.9
2025-04-21 04:00:00,0.6369,0.642,0.6366,0.6407,3897440.8
2025-04-21 05:00:00,0.6407,0.6452,0.6392,0.6433,4488092.6
2025-04-21 06:00:00,0.6434,0.6488,0.6424,0.643,5113105.3
2025-04-21 07:00:00,0.6429,0.6455,0.6421,0.6432,3654997.7
2025-04-21 08:00:00,0.6432,0.6471,0.6432,0.6467,3530893.8
2025-04-21 09:00:00,0.6467,0.6491,0.644,0.648,3421969.6
2025-04-21 10:00:00,0.6481,0.6485,0.6435,0.6451,3084057.1
2025-04-21 11:00:00,0.645,0.6453,0.6369,0.6389,8134304.7
2025-04-21 12:00:00,0.6388,0.6444,0.6387,0.6411,3052795.5
2025-04-21 13:00:00,0.6411,0.6445,0.6385,0.6395,3580470.3
2025-04-21 14:00:00,0.6394,0.6507,0.6383,0.6439,8391358.0
2025-04-21 15:00:00,0.6438,0.6442,0.6343,0.6358,4401744.8
2025-04-21 16:00:00,0.6358,0.6364,0.6229,0.624,6771734.0
2025-04-21 17:00:00,0.624,0.6245,0.6159,0.6211,10123999.2
2025-04-21 18:00:00,0.621,0.6219,0.6183,0.6191,5999141.5
2025-04-21 19:00:00,0.619,0.6243,0.6183,0.6238,3246314.5
2025-04-21 20:00:00,0.6238,0.6239,0.6195,0.6229,1688874.5
2025-04-21 21:00:00,0.623,0.623,0.6189,0.6206,2341199.6
2025-04-21 22:00:00,0.6206,0.6215,0.6182,0.6209,2148262.6
2025-04-21 23:00:00,0.6208,0.6249,0.6189,0.6242,2020984.5
2025-04-22 00:00:00,0.6241,0.6245,0.6153,0.6226,3528322.4
2025-04-22 01:00:00,0.6226,0.6314,0.6211,0.6296,4622971.3
2025-04-22 02:00:00,0.6295,0.631,0.6218,0.6239,2525458.6
2025-04-22 03:00:00,0.6239,0.625,0.6207,0.624,1795558.2
2025-04-22 04:00:00,0.624,0.6267,0.6219,0.6222,1919912.7
2025-04-22 05:00:00,0.6221,0.6266,0.6217,0.6263,1297941.4
2025-04-22 06:00:00,0.6262,0.6282,0.6223,0.6263,1892037.0
2025-04-22 07:00:00,0.6263,0.635,0.6255,0.6328,4260673.5
2025-04-22 08:00:00,0.6328,0.6393,0.6323,0.6365,7557052.1
2025-04-22 09:00:00,0.6366,0.6425,0.6363,0.6388,4650337.0
2025-04-22 10:00:00,0.6388,0.6413,0.6364,0.6398,2735827.7
2025-04-22 11:00:00,0.6398,0.6436,0.6389,0.6405,5723829.0
2025-04-22 12:00:00,0.6405,0.6421,0.6369,0.6407,4609028.2
2025-04-22 13:00:00,0.6406,0.6517,0.6405,0.6497,12412409.5
2025-04-22 14:00:00,0.6498,0.66,0.6495,0.6591,15938924.0
2025-04-22 15:00:00,0.6591,0.6668,0.6516,0.6564,17818126.5
2025-04-22 16:00:00,0.6564,0.6589,0.6522,0.6542,4420255.4
2025-04-22 17:00:00,0.6541,0.6589,0.6541,0.6574,3540497.7
2025-04-22 18:00:00,0.6574,0.6596,0.6539,0.658,3598452.4
2025-04-22 19:00:00,0.658,0.6585,0.6529,0.6567,2404312.3
2025-04-22 20:00:00,0.6567,0.6572,0.6538,0.6549,1270761.9
2025-04-22 21:00:00,0.6548,0.6764,0.6535,0.6732,12463044.0
2025-04-22 22:00:00,0.6733,0.6778,0.6674,0.6731,12116988.3
2025-04-22 23:00:00,0.6732,0.685,0.6732,0.6794,10238634.4
2025-04-23 00:00:00,0.6794,0.6873,0.6775,0.6785,8102058.8
2025-04-23 01:00:00,0.6786,0.6859,0.6774,0.6778,6038721.7
2025-04-23 02:00:00,0.6777,0.6924,0.6776,0.6902,7825505.5
2025-04-23 03:00:00,0.6901,0.6939,0.6864,0.6938,4187089.5
2025-04-23 04:00:00,0.6938,0.6999,0.689,0.6998,6282482.9
2025-04-23 05:00:00,0.6997,0.7009,0.6927,0.693,6404014.7
2025-04-23 06:00:00,0.693,0.6981,0.691,0.6954,4128902.0
2025-04-23 07:00:00,0.6953,0.7013,0.692,0.701,3969204.8
2025-04-23 08:00:00,0.701,0.7071,0.6972,0.7044,7594888.8
2025-04-23 09:00:00,0.7043,0.7108,0.7043,0.7053,7803720.2
2025-04-23 10:00:00,0.7053,0.7055,0.6959,0.7032,10581812.8
2025-04-23 11:00:00,0.7031,0.7071,0.6999,0.7014,4493152.6
2025-04-23 12:00:00,0.7014,0.7092,0.7003,0.7086,4548913.6
2025-04-23 13:00:00,0.7085,0.7183,0.6992,0.7008,17072733.1
2025-04-23 14:00:00,0.7009,0.7079,0.6934,0.6976,12940326.1
2025-04-23 15:00:00,0.6976,0.7005,0.6842,0.6984,16823200.9
2025-04-23 16:00:00,0.6985,0.7103,0.695,0.7042,9610671.9
2025-04-23 17:00:00,0.7041,0.7085,0.7011,0.7059,4357010.8
2025-04-23 18:00:00,0.7058,0.7103,0.704,0.7046,2820080.1
2025-04-23 19:00:00,0.7045,0.7052,0.6946,0.6982,4393623.5
2025-04-23 20:00:00,0.6982,0.702,0.6963,0.7007,2897170.4
2025-04-23 21:00:00,0.7007,0.701,0.6949,0.6972,2017460.2
2025-04-23 22:00:00,0.6973,0.7016,0.6945,0.7015,2643789.8
2025-04-23 23:00:00,0.7015,0.7015,0.6956,0.6977,2077691.3
2025-04-24 00:00:00,0.6978,0.6998,0.6915,0.6938,2705060.5
2025-04-24 01:00:00,0.6939,0.696,0.6884,0.6937,3320188.8
2025-04-24 02:00:00,0.6938,0.6963,0.686,0.6861,2850315.3
2025-04-24 03:00:00,0.686,0.691,0.6802,0.6805,4829894.4
2025-04-24 04:00:00,0.6804,0.685,0.6796,0.6828,4964259.2
2025-04-24 05:00:00,0.6829,0.6874,0.6815,0.6862,3418153.4
2025-04-24 06:00:00,0.6861,0.6894,0.6822,0.684,2357693.2
2025-04-24 07:00:00,0.684,0.6872,0.6775,0.6785,4250117.0
2025-04-24 08:00:00,0.6786,0.6818,0.6701,0.6733,9328235.6
2025-04-24 09:00:00,0.6734,0.6832,0.6729,0.683,4327306.1
2025-04-24 10:00:00,0.683,0.691,0.6829,0.6908,3460142.1
2025-04-24 11:00:00,0.6908,0.6909,0.6836,0.6875,3058785.1
2025-04-24 12:00:00,0.6875,0.6947,0.6848,0.6947,2868029.4
2025-04-24 13:00:00,0.6946,0.7045,0.6926,0.6969,9014669.2
2025-04-24 14:00:00,0.6969,0.7149,0.6964,0.7121,13713588.6
2025-04-24 15:00:00,0.7122,0.7452,0.7104,0.7261,44172507.0
2025-04-24 16:00:00,0.7262,0.746,0.7262,0.7321,16539479.3
2025-04-24 17:00:00,0.7322,0.7386,0.7168,0.7229,12471280.3
2025-04-24 18:00:00,0.7229,0.7317,0.7228,0.7282,4809976.0
2025-04-24 19:00:00,0.7282,0.7301,0.7218,0.7281,4308614.0
2025-04-24 20:00:00,0.7281,0.7314,0.7205,0.7206,3467770.2
2025-04-24 21:00:00,0.7206,0.7216,0.7127,0.7184,4329705.7
2025-04-24 22:00:00,0.7184,0.7193,0.7131,0.7146,2187804.1
2025-04-24 23:00:00,0.7146,0.7249,0.714,0.7219,4936745.3
2025-04-25 00:00:00,0.722,0.7236,0.7171,0.7194,3745013.6
2025-04-25 01:00:00,0.7194,0.7261,0.7149,0.7152,4278950.5
2025-04-25 02:00:00,0.7153,0.717,0.7019,0.7044,8157807.2
2025-04-25 03:00:00,0.7045,0.7133,0.7022,0.7115,3373723.2
2025-04-25 04:00:00,0.7114,0.713,0.7064,0.7094,2128504.6
2025-04-25 05:00:00,0.7095,0.7154,0.7086,0.7137,3934732.8
2025-04-25 06:00:00,0.7137,0.7215,0.7114,0.72,6362509.8
2025-04-25 07:00:00,0.7201,0.7237,0.715,0.7222,6225128.5
2025-04-25 08:00:00,0.7221,0.7233,0.7179,0.7224,3583386.8
2025-04-25 09:00:00,0.7224,0.7229,0.7163,0.721,4891590.0
2025-04-25 10:00:00,0.7209,0.7212,0.711,0.7128,5846016.3
2025-04-25 11:00:00,0.7129,0.7216,0.7129,0.7212,6033804.1
2025-04-25 12:00:00,0.7212,0.7283,0.7139,0.7146,10434353.6
2025-04-25 13:00:00,0.7147,0.7176,0.7052,0.7096,7196576.1
2025-04-25 14:00:00,0.7095,0.7255,0.7093,0.7236,11706727.4
2025-04-25 15:00:00,0.7237,0.729,0.718,0.7195,10992918.3
2025-04-25 16:00:00,0.7195,0.726,0.7117,0.7251,11483864.4
2025-04-25 17:00:00,0.7251,0.7284,0.7132,0.7164,6400769.9
2025-04-25 18:00:00,0.7165,0.7331,0.7116,0.7174,16753843.8
2025-04-25 19:00:00,0.7174,0.7206,0.7102,0.717,4795752.3
2025-04-25 20:00:00,0.717,0.718,0.7128,0.7129,1863271.0
2025-04-25 21:00:00,0.7129,0.7179,0.7068,0.7078,3559120.0
2025-04-25 22:00:00,0.7078,0.7161,0.7078,0.7147,2428402.3
2025-04-25 23:00:00,0.7147,0.7161,0.71,0.7135,4687639.5
2025-04-26 00:00:00,0.7135,0.7215,0.7135,0.7209,3999805.1
2025-04-26 01:00:00,0.7209,0.7264,0.7167,0.7256,6513198.7
2025-04-26 02:00:00,0.7256,0.7267,0.7197,0.7233,3922876.4
2025-04-26 03:00:00,0.7234,0.7265,0.7193,0.7212,5282825.6
2025-04-26 04:00:00,0.7212,0.7215,0.7138,0.7144,2629255.0
2025-04-26 05:00:00,0.7143,0.72,0.7121,0.7188,2230326.1
2025-04-26 06:00:00,0.7189,0.728,0.7182,0.7263,4840311.1
2025-04-26 07:00:00,0.7262,0.7335,0.7257,0.7258,6109826.5
2025-04-26 08:00:00,0.7259,0.7344,0.7217,0.7226,11262004.8
2025-04-26 09:00:00,0.7226,0.7236,0.7144,0.718,4834881.0
2025-04-26 10:00:00,0.7181,0.7215,0.7165,0.7173,2638981.5
2025-04-26 11:00:00,0.7172,0.7187,0.7048,0.7075,7327753.2
2025-04-26 12:00:00,0.7075,0.7123,0.7066,0.7076,4679259.8
2025-04-26 13:00:00,0.7076,0.71,0.6996,0.705,6001061.1
2025-04-26 14:00:00,0.7049,0.7102,0.7017,0.7076,6866024.8
2025-04-26 15:00:00,0.7076,0.7128,0.7068,0.7098,3134071.6
2025-04-26 16:00:00,0.7097,0.7104,0.7034,0.7073,2242876.8
2025-04-26 17:00:00,0.7072,0.7099,0.7056,0.7078,1752914.8
2025-04-26 18:00:00,0.7078,0.7089,0.7045,0.7046,2176772.6
2025-04-26 19:00:00,0.7045,0.7075,0.704,0.7072,1104724.7
2025-04-26 20:00:00,0.7072,0.7097,0.703,0.703,1233426.4
2025-04-26 21:00:00,0.703,0.7075,0.703,0.7044,1517182.7
2025-04-26 22:00:00,0.7044,0.7147,0.7043,0.7083,4618227.7
2025-04-26 23:00:00,0.7083,0.7096,0.706,0.707,1648568.4
2025-04-27 00:00:00,0.707,0.7185,0.7046,0.7151,6498891.2
2025-04-27 01:00:00,0.7152,0.7179,0.6964,0.6972,5768079.7
2025-04-27 02:00:00,0.6973,0.7048,0.695,0.7008,2933026.9
2025-04-27 03:00:00,0.7008,0.7061,0.7005,0.704,1640746.9
2025-04-27 04:00:00,0.704,0.7045,0.6947,0.6967,1903990.2
2025-04-27 05:00:00,0.6966,0.6997,0.6918,0.6947,3622166.6
2025-04-27 06:00:00,0.6947,0.7,0.6944,0.6995,1629490.7
2025-04-27 07:00:00,0.6996,0.7006,0.6964,0.6999,2188891.5
2025-04-27 08:00:00,0.7,0.7034,0.6987,0.7003,1852362.7
2025-04-27 09:00:00,0.7002,0.7012,0.698,0.6996,1189981.8
2025-04-27 10:00:00,0.6997,0.7002,0.6972,0.6993,1578120.0
2025-04-27 11:00:00,0.6993,0.6997,0.6967,0.6968,1295156.2
2025-04-27 12:00:00,0.6967,0.7087,0.6911,0.6972,8766735.0
2025-04-27 13:00:00,0.6972,0.7029,0.6913,0.7004,10149162.1
2025-04-27 14:00:00,0.7004,0.7023,0.6977,0.6991,2708352.9
2025-04-27 15:00:00,0.6991,0.6994,0.6915,0.696,3041640.3
2025-04-27 16:00:00,0.6959,0.6968,0.6907,0.6948,5589936.3
2025-04-27 17:00:00,0.6947,0.6989,0.6925,0.6986,1499120.9
2025-04-27 18:00:00,0.6986,0.7055,0.6984,0.7042,2657485.8
2025-04-27 19:00:00,0.7042,0.7159,0.7042,0.7159,4030885.7
2025-04-27 20:00:00,0.7159,0.7168,0.7099,0.7125,4121398.6
2025-04-27 21:00:00,0.7124,0.7161,0.7101,0.7138,2405804.0
2025-04-27 22:00:00,0.7138,0.7142,0.7074,0.7107,2882569.3
2025-04-27 23:00:00,0.7106,0.7106,0.7024,0.7032,2181360.6
2025-04-28 00:00:00,0.7033,0.7043,0.6952,0.7,3441277.5
2025-04-28 01:00:00,0.7001,0.702,0.6823,0.684,8954901.7
2025-04-28 02:00:00,0.684,0.696,0.6821,0.6956,4915940.3
2025-04-28 03:00:00,0.6956,0.709,0.6925,0.7071,4103658.0
2025-04-28 04:00:00,0.7071,0.7183,0.7063,0.7115,7940798.9
2025-04-28 05:00:00,0.7115,0.714,0.7089,0.7134,3208869.8
2025-04-28 06:00:00,0.7135,0.7193,0.7116,0.7179,3982205.5
2025-04-28 07:00:00,0.7179,0.7258,0.7149,0.7251,5661208.6
2025-04-28 08:00:00,0.7252,0.729,0.7212,0.7225,7740787.2
2025-04-28 09:00:00,0.7225,0.7266,0.7184,0.719,3643916.4
2025-04-28 10:00:00,0.7189,0.7246,0.7128,0.7211,7217018.0
2025-04-28 11:00:00,0.7212,0.725,0.719,0.7224,4170763.2
2025-04-28 12:00:00,0.7224,0.7231,0.713,0.7139,5236492.6
2025-04-28 13:00:00,0.7138,0.7165,0.7046,0.7051,4174160.4
2025-04-28 14:00:00,0.7052,0.7139,0.7013,0.7025,8297277.6
2025-04-28 15:00:00,0.7025,0.7042,0.6845,0.69,24517238.8
2025-04-28 16:00:00,0.69,0.6958,0.6847,0.6889,18267580.2
2025-04-28 17:00:00,0.6888,0.699,0.6881,0.6989,6675457.5
2025-04-28 18:00:00,0.6989,0.7017,0.6951,0.6989,4325896.3
2025-04-28 19:00:00,0.6988,0.7099,0.6986,0.7067,3997230.4
2025-04-28 20:00:00,0.7066,0.7069,0.698,0.6982,2199879.6
2025-04-28 21:00:00,0.6983,0.7007,0.6956,0.7007,1746709.0
2025-04-28 22:00:00,0.7007,0.7034,0.6988,0.7031,1658193.8
2025-04-28 23:00:00,0.7031,0.7059,0.7014,0.7056,2225724.5
2025-04-29 00:00:00,0.7057,0.7088,0.7009,0.7076,2165072.7
2025-04-29 01:00:00,0.7076,0.7102,0.7026,0.7042,2863098.5
2025-04-29 02:00:00,0.7042,0.7046,0.6974,0.7002,3031153.7
2025-04-29 03:00:00,0.7002,0.705,0.7002,0.7035,1411175.2
2025-04-29 04:00:00,0.7034,0.7067,0.6968,0.6978,3295899.8
2025-04-29 05:00:00,0.6979,0.7023,0.6975,0.7005,2953306.5
2025-04-29 06:00:00,0.7004,0.7137,0.7001,0.7128,8081209.3
2025-04-29 07:00:00,0.7128,0.715,0.7097,0.7119,5738180.4
2025-04-29 08:00:00,0.7118,0.715,0.7094,0.7132,6790395.7
2025-04-29 09:00:00,0.7132,0.7153,0.7106,0.7131,6176095.7
2025-04-29 10:00:00,0.7132,0.7169,0.7097,0.7099,6922991.1
2025-04-29 11:00:00,0.7098,0.7171,0.7097,0.7143,5994129.5
2025-04-29 12:00:00,0.7143,0.7164,0.7086,0.7099,7575460.7
2025-04-29 13:00:00,0.7099,0.7111,0.704,0.7084,8165104.9
2025-04-29 14:00:00,0.7084,0.7181,0.7056,0.7155,10846617.7
2025-04-29 15:00:00,0.7155,0.7163,0.7077,0.7085,6952816.8
2025-04-29 16:00:00,0.7084,0.7179,0.7073,0.7132,10302112.6
2025-04-29 17:00:00,0.7133,0.7141,0.7084,0.712,7746770.2
2025-04-29 18:00:00,0.7121,0.7135,0.7093,0.7129,5827154.6
2025-04-29 19:00:00,0.7129,0.7134,0.7078,0.7083,5136869.7
2025-04-29 20:00:00,0.7084,0.7096,0.703,0.7045,5361670.2
2025-04-29 21:00:00,0.7044,0.7056,0.6933,0.7001,8529539.7
2025-04-29 22:00:00,0.7001,0.7001,0.6923,0.6941,7011146.3
2025-04-29 23:00:00,0.694,0.6967,0.6888,0.6958,5803692.7
2025-04-30 00:00:00,0.6957,0.7013,0.6939,0.6974,4672237.0
2025-04-30 01:00:00,0.6975,0.698,0.6914,0.6959,2244709.7
2025-04-30 02:00:00,0.6958,0.7002,0.6939,0.6988,2178358.1
2025-04-30 03:00:00,0.6989,0.7037,0.6968,0.7027,1986686.8
2025-04-30 04:00:00,0.7027,0.7037,0.6993,0.7022,1457082.1
2025-04-30 05:00:00,0.7022,0.7023,0.6979,0.6982,1319992.1
2025-04-30 06:00:00,0.6983,0.7,0.6961,0.6977,1684604.8
2025-04-30 07:00:00,0.6977,0.6983,0.6924,0.6947,3191392.6
2025-04-30 08:00:00,0.6947,0.6969,0.6924,0.695,1976758.1
2025-04-30 09:00:00,0.6951,0.7,0.695,0.6971,1762697.9
2025-04-30 10:00:00,0.6971,0.6995,0.696,0.6989,1172415.0
2025-04-30 11:00:00,0.699,0.7007,0.6983,0.6998,2077866.2
2025-04-30 12:00:00,0.6999,0.7004,0.6821,0.6871,10262723.6
2025-04-30 13:00:00,0.6872,0.6873,0.6651,0.6661,19170327.3
2025-04-30 14:00:00,0.6661,0.6823,0.6647,0.676,12730878.1
2025-04-30 15:00:00,0.676,0.6802,0.6755,0.6765,3828022.6
2025-04-30 16:00:00,0.6764,0.6804,0.6739,0.6785,5290212.5
2025-04-30 17:00:00,0.6784,0.6835,0.6743,0.6829,3343967.5
2025-04-30 18:00:00,0.683,0.6884,0.6801,0.6806,4355622.8
2025-04-30 19:00:00,0.6807,0.6849,0.6765,0.6828,2374082.7
2025-04-30 20:00:00,0.6828,0.6908,0.6818,0.6842,5493459.2
2025-04-30 21:00:00,0.6842,0.6872,0.6821,0.6831,1485734.6
2025-04-30 22:00:00,0.6832,0.6863,0.6791,0.6809,1964954.8
2025-04-30 23:00:00,0.6809,0.6837,0.6796,0.6816,1452355.9
